Workbook

Sheet comparison_with_manual_solution
A1: Filename | B1: Comparison with manual | D1: Comparison minimized | E1: Attempt | F1: Model | G1: File
A2: BinarySearch.dfy | B2: same semantics | D2: same semantics | E2: 1 | F2: Claude | G2: =LEFT(A2,LEN(A2)-4)&"_"&E2&"_llm.dfy" -> BinarySearch_1_llm.dfy
A3: BubbleSort.dfy | B3: same semantics | D3: same semantics | E3: 3 | F3: Claude | G3: =LEFT(A3,LEN(A3)-4)&"_"&E3&"_llm.dfy" -> BubbleSort_3_llm.dfy
A4: Catalan.dfy | B4: same syntax | D4: same syntax | E4: 1 | F4: Claude | G4: =LEFT(A4,LEN(A4)-4)&"_"&E4&"_llm.dfy" -> Catalan_1_llm.dfy
A5: CombNK.dfy | B5: same semantics | D5: same semantics | E5: 1 | F5: GPT | G5: =LEFT(A5,LEN(A5)-4)&"_"&E5&"_llm.dfy" -> CombNK_1_llm.dfy
A6: CountDistinct.dfy | B6: closer to implementation | D6: closer to implementation | E6: 2 | F6: Claude | G6: =LEFT(A6,LEN(A6)-4)&"_"&E6&"_llm.dfy" -> CountDistinct_2_llm.dfy
A7: Div.dfy | B7: same semantics | D7: same semantics | E7: 1 | F7: Claude | G7: =LEFT(A7,LEN(A7)-4)&"_"&E7&"_llm.dfy" -> Div_1_llm.dfy
A8: Factorial.dfy | B8: same wording | D8: same wording | E8: 1 | F8: Claude | G8: =LEFT(A8,LEN(A8)-4)&"_"&E8&"_llm.dfy" -> Factorial_1_llm.dfy
A9: FastExponentiation.dfy | B9: same syntax | D9: same syntax | E9: 1 | F9: Claude | G9: =LEFT(A9,LEN(A9)-4)&"_"&E9&"_llm.dfy" -> FastExponentiation_1_llm.dfy
A10: Fibonacci.dfy | B10: same semantics | D10: same semantics | E10: 1 | F10: Claude | G10: =LEFT(A10,LEN(A10)-4)&"_"&E10&"_llm.dfy" -> Fibonacci_1_llm.dfy
A11: FindMax.dfy | B11: same wording | D11: same wording | E11: 1 | F11: Claude | G11: =LEFT(A11,LEN(A11)-4)&"_"&E11&"_llm.dfy" -> FindMax_1_llm.dfy
A12: InsertionSort.dfy | B12: same syntax | D12: same syntax | E12: 3 | F12: Claude | G12: =LEFT(A12,LEN(A12)-4)&"_"&E12&"_llm.dfy" -> InsertionSort_3_llm.dfy
A13: IntersectIntervals.dfy | B13: overly weak precondition | D13: overly weak precondition | E13: 3 | F13: Claude | G13: =LEFT(A13,LEN(A13)-4)&"_"&E13&"_llm.dfy" -> IntersectIntervals_3_llm.dfy
... A111: PrimeFactors | B111: same semantics | D111: same semantics | E111: 1 | F111: Claude | G111: =LEFT(A111,LEN(A111)-4)&"_"&E111&"_llm.dfy" -> PrimeFac_1_llm.dfy
A113: same wording | B113: =COUNTIF(B$2:B$111,A113) -> 11 | C113: =B113/110 -> 0.1 | D113: =COUNTIF(D$2:D$111,A113) -> 12 | E113: =D113/110 -> 0.10909091
A114: same syntax | B114: =COUNTIF(B$2:B$111,A114) -> 11 | C114: =B114/110 -> 0.1 | D114: =COUNTIF(D$2:D$111,A114) -> 11 | E114: =D114/110 -> 0.1
A115: same semantics | B115: =COUNTIF(B$2:B$111,A115) -> 63 | C115: =B115/110 -> 0.57272727 | D115: =COUNTIF(D$2:D$111,A115) -> 68 | E115: =D115/110 -> 0.61818182
A116: more complex | B116: =COUNTIF(B$2:B$111,A116) -> 13 | C116: =B116/110 -> 0.11818182 | D116: =COUNTIF(D$2:D$111,A116) -> 8 | E116: =D116/110 -> 0.072727273
A117: less complex | B117: =COUNTIF(B$2:B$111,A117) -> 2 | C117: =B117/110 -> 0.018181818 | D117: =COUNTIF(D$2:D$111,A117) -> 2 | E117: =D117/110 -> 0.018181818
A118: more literal | B118: =COUNTIF(B$2:B$111,A118) -> 3 | C118: =B118/110 -> 0.027272727 | D118: =COUNTIF(D$2:D$111,A118) -> 2 | E118: =D118/110 -> 0.018181818
A119: closer to implementation | B119: =COUNTIF(B$2:B$111,A119) -> 2 | C119: =B119/110 -> 0.018181818 | D119: =COUNTIF(D$2:D$111,A119) -> 3 | E119: =D119/110 -> 0.027272727
A120: overly weak precondition | B120: =COUNTIF(B$2:B$111,A120) -> 3 | C120: =B120/110 -> 0.027272727 | D120: =COUNTIF(D$2:D$111,A120) -> 3 | E120: =D120/110 -> 0.027272727
A121: overly strong postcondition | B121: =COUNTIF(B$2:B$111,A121) -> 2 | C121: =B121/110 -> 0.018181818 | D121: =COUNTIF(D$2:D$111,A121) -> 1 | E121: =D121/110 -> 0.0090909091
A122: Total | B122: =SUM(B113:B121) -> 110 | C122: =B122/110 -> 1 | D122: =SUM(D113:D121) -> 110 | E122: =D122/110 -> 1

Sheet locs
A1: Filename | B1: File | C1: Simplified name | D1: LOCS Manual | E1: LOCS Stripped | F1: LOCS llm | G1: LOC simplified | I1: Diff
A2: BinarySearch.dfy | B2: BinarySearch_1_llm.dfy | C2: =LEFT(B2,LEN(B2)-4)&"_simplified.dfy" -> BinarySearch_1_llm_simplified.dfy | D2: =VLOOKUP(A2,locs_manual_and_stripped!A:B,2,0) -> 38 | E2: =VLOOKUP(A2,locs_manual_and_stripped!A:C,3,0) -> 30 | F2: =VLOOKUP(B2,locs_llm!A:B,2,0) -> 44 | G2: =IFERROR(VLOOKUP(C2,locs_minimized!A:B,2,0),F2) -> 42 | I2: =G2-D2 -> 4
A3: BubbleSort.dfy | B3: BubbleSort_3_llm.dfy | C3: =LEFT(B3,LEN(B3)-4)&"_simplified.dfy" -> BubbleSort_3_llm_simplified.dfy | D3: =VLOOKUP(A3,locs_manual_and_stripped!A:B,2,0) -> 44 | E3: =VLOOKUP(A3,locs_manual_and_stripped!A:C,3,0) -> 26 | F3: =VLOOKUP(B3,locs_llm!A:B,2,0) -> 93 | G3: =IFERROR(VLOOKUP(C3,locs_minimized!A:B,2,0),F3) -> 50 | I3: =G3-D3 -> 6
A4: Catalan.dfy | B4: Catalan_1_llm.dfy | C4: =LEFT(B4,LEN(B4)-4)&"_simplified.dfy" -> Catalan_1_llm_simplified.dfy | D4: =VLOOKUP(A4,locs_manual_and_stripped!A:B,2,0) -> 28 | E4: =VLOOKUP(A4,locs_manual_and_stripped!A:C,3,0) -> 23 | F4: =VLOOKUP(B4,locs_llm!A:B,2,0) -> 30 | G4: =IFERROR(VLOOKUP(C4,locs_minimized!A:B,2,0),F4) -> 30 | I4: =G4-D4 -> 2
A5: CombNK.dfy | B5: CombNK_1_llm.dfy | C5: =LEFT(B5,LEN(B5)-4)&"_simplified.dfy" -> CombNK_1_llm_simplified.dfy | D5: =VLOOKUP(A5,locs_manual_and_stripped!A:B,2,0) -> 38 | E5: =VLOOKUP(A5,locs_manual_and_stripped!A:C,3,0) -> 28 | F5: =VLOOKUP(B5,locs_llm!A:B,2,0) -> 70 | G5: =IFERROR(VLOOKUP(C5,locs_minimized!A:B,2,0),F5) -> 38 | I5: =G5-D5 -> 0
A6: CountDistinct.dfy | B6: CountDistinct_2_llm.dfy | C6: =LEFT(B6,LEN(B6)-4)&"_simplified.dfy" -> CountDistinct_2_llm_simplified.dfy | D6: =VLOOKUP(A6,locs_manual_and_stripped!A:B,2,0) -> 41 | E6: =VLOOKUP(A6,locs_manual_and_stripped!A:C,3,0) -> 23 | F6: =VLOOKUP(B6,locs_llm!A:B,2,0) -> 36 | G6: =IFERROR(VLOOKUP(C6,locs_minimized!A:B,2,0),F6) -> 32 | I6: =G6-D6 -> -9
A7: Div.dfy | B7: Div_1_llm.dfy | C7: =LEFT(B7,LEN(B7)-4)&"_simplified.dfy" -> Div_1_llm_simplified.dfy | D7: =VLOOKUP(A7,locs_manual_and_stripped!A:B,2,0) -> 18 | E7: =VLOOKUP(A7,locs_manual_and_stripped!A:C,3,0) -> 15 | F7: =VLOOKUP(B7,locs_llm!A:B,2,0) -> 19 | G7: =IFERROR(VLOOKUP(C7,locs_minimized!A:B,2,0),F7) -> 19 | I7: =G7-D7 -> 1
A8: Factorial.dfy | B8: Factorial_1_llm.dfy | C8: =LEFT(B8,LEN(B8)-4)&"_simplified.dfy" -> Factorial_1_llm_simplified.dfy | D8: =VLOOKUP(A8,locs_manual_and_stripped!A:B,2,0) -> 21 | E8: =VLOOKUP(A8,locs_manual_and_stripped!A:C,3,0) -> 16 | F8: =VLOOKUP(B8,locs_llm!A:B,2,0) -> 21 | G8: =IFERROR(VLOOKUP(C8,locs_minimized!A:B,2,0),F8) -> 21 | I8: =G8-D8 -> 0
A9: FastExponentiation.dfy | B9: FastExponentiation_1_llm.dfy | C9: =LEFT(B9,LEN(B9)-4)&"_simplified.dfy" -> FastExponentiation_1_llm_simplified.dfy | D9: =VLOOKUP(A9,locs_manual_and_stripped!A:B,2,0) -> 38 | E9: =VLOOKUP(A9,locs_manual_and_stripped!A:C,3,0) -> 22 | F9: =VLOOKUP(B9,locs_llm!A:B,2,0) -> 71 | G9: =IFERROR(VLOOKUP(C9,locs_minimized!A:B,2,0),F9) -> 46 | I9: =G9-D9 -> 8
A10: Fibonacci.dfy | B10: Fibonacci_1_llm.dfy | C10: =LEFT(B10,LEN(B10)-4)&"_simplified.dfy" -> Fibonacci_1_llm_simplified.dfy | D10: =VLOOKUP(A10,locs_manual_and_stripped!A:B,2,0) -> 25 | E10: =VLOOKUP(A10,locs_manual_and_stripped!A:C,3,0) -> 20 | F10: =VLOOKUP(B10,locs_llm!A:B,2,0) -> 29 | G10: =IFERROR(VLOOKUP(C10,locs_minimized!A:B,2,0),F10) -> 29 | I10: =G10-D10 -> 4
A11: FindMax.dfy | B11: FindMax_1_llm.dfy | C11: =LEFT(B11,LEN(B11)-4)&"_simplified.dfy" -> FindMax_1_llm_simplified.dfy | D11: =VLOOKUP(A11,locs_manual_and_stripped!A:B,2,0) -> 29 | E11: =VLOOKUP(A11,locs_manual_and_stripped!A:C,3,0) -> 23 | F11: =VLOOKUP(B11,locs_llm!A:B,2,0) -> 28 | G11: =IFERROR(VLOOKUP(C11,locs_minimized!A:B,2,0),F11) -> 28 | I11: =G11-D11 -> -1
A12: InsertionSort.dfy | B12: InsertionSort_3_llm.dfy | C12: =LEFT(B12,LEN(B12)-4)&"_simplified.dfy" -> InsertionSort_3_llm_simplified.dfy | D12: =VLOOKUP(A12,locs_manual_and_stripped!A:B,2,0) -> 57 | E12: =VLOOKUP(A12,locs_manual_and_stripped!A:C,3,0) -> 27 | F12: =VLOOKUP(B12,locs_llm!A:B,2,0) -> 94 | G12: =IFERROR(VLOOKUP(C12,locs_minimized!A:B,2,0),F12) -> 68 | I12: =G12-D12 -> 11
A13: IntersectIntervals.dfy | B13: IntersectIntervals_3_llm.dfy | C13: =LEFT(B13,LEN(B13)-4)&"_simplified.dfy" -> IntersectIntervals_3_llm_simplified.dfy | D13: =VLOOKUP(A13,locs_manual_and_stripped!A:B,2,0) -> 40 | E13: =VLOOKUP(A13,locs_manual_and_stripped!A:C,3,0) -> 23 | F13: =VLOOKUP(B13,locs_llm!A:B,2,0) -> 78 | G13: =IFERROR(VLOOKUP(C13,locs_minimized!A:B,2,0),F13) -> 52 | I13: =G13-D13 -> 12
... A109: task_id_95.dfy | B109: task_id_95_2_llm.dfy | C109: =LEFT(B109,LEN(B109)-4)&"_simplified.dfy" -> task_id_95_2_llm_simplified.dfy | D109: =VLOOKUP(A109,locs_manual_and_stripped!A:B,2,0) -> 32 | E109: =VLOOKUP(A109,locs_manual_and_stripped!A:C,3,0) -> 21 | F109: =VLOOKUP(B109,locs_llm!A:B,2,0) -> 39 | G109: =IFERROR(VLOOKUP(C109,locs_minimized!A:B,2,0),F109) -> 34 | I109: =G109-D109 -> 2
A110: Total | D110: =SUM(D2:D109) -> 3397 | E110: =SUM(E2:E109) -> 2440 | F110: =SUM(F2:F109) -> 5545 | G110: =SUM(G2:G109) -> 3751 | I110: =G110-D110 -> 354
A111: Extra LOC | F111: =F110/D110-1 -> 0.63232264 | G111: =G110/D110-1 -> 0.1042096
G112: =1-(G110-E110)/(F110-E110) -> 0.57777778

Sheet locs_manual_and_stripped
A1: File | B1: LOC manual | C1: LOC stripped
A2: BinarySearch.dfy | B2: 38 | C2: 30
A3: BubbleSort.dfy | B3: 44 | C3: 26
A4: Catalan.dfy | B4: 28 | C4: 23
A5: CombNK.dfy | B5: 38 | C5: 28
A6: CountDistinct.dfy | B6: 41 | C6: 23
A7: Div.dfy | B7: 18 | C7: 15
A8: Factorial.dfy | B8: 21 | C8: 16
A9: FastExponentiation.dfy | B9: 38 | C9: 22
A10: FastModularExponentiation.dfy | B10: 104 | C10: 49
A11: Fibonacci.dfy | B11: 25 | C11: 20
A12: FindMax.dfy | B12: 29 | C12: 23
A13: InsertionSort.dfy | B13: 57 | C13: 27
... A32: task_id_145.dfy | B32: 37 | C32: 25
A33: task_id_161.dfy | B33: 59 | C33: =33-8 -> 25
A34: task_id_170.dfy | B34: 28 | C34: 21
A35: task_id_18.dfy | B35: 30 | C35: 16
A36: task_id_2.dfy | B36: 33 | C36: 24
A37: task_id_230.dfy | B37: 26 | C37: 21
A38: task_id_249.dfy | B38: 37 | C38: 21
A39: task_id_251.dfy | B39: 20 | C39: 14
A40: task_id_261.dfy | B40: 28 | C40: 22
A41: task_id_267.dfy | B41: 21 | C41: 18
A42: task_id_273.dfy | B42: 27 | C42: 22
A43: task_id_282.dfy | B43: 26 | C43: 22
A44: task_id_284.dfy | B44: 25 | C44: 22
A45: task_id_290.dfy | B45: 24 | C45: 19
... A111: task_id_95.dfy | B111: 32 | C111: 21

Sheet locs_llm
A1: File | B1: LOC
A2: BinarySearch_1_llm.dfy | B2: 44
A3: BubbleSort_3_llm.dfy | B3: 93
A4: Catalan_1_llm.dfy | B4: 30
A5: CombNK_1_llm.dfy | B5: 70
A6: CountDistinct_2_llm.dfy | B6: 36
A7: Div_1_llm.dfy | B7: 19
A8: Factorial_1_llm.dfy | B8: 21
A9: FastExponentiation_1_llm.dfy | B9: 71
A10: Fibonacci_1_llm.dfy | B10: 29
A11: FindMax_1_llm.dfy | B11: 28
A12: InsertionSort_3_llm.dfy | B12: 94
A13: IntersectIntervals_3_llm.dfy | B13: 78
... A109: task_id_95_2_llm.dfy | B109: 39

Sheet locs_minimized
A1: File | B1: LOC
A2: BinarySearch_1_llm_simplified.dfy | B2: 42
A3: BubbleSort_3_llm_simplified.dfy | B3: 50
A4: CombNK_1_llm_simplified.dfy | B4: 38
A5: CountDistinct_2_llm_simplified.dfy | B5: 32
A6: FastExponentiation_1_llm_simplified.dfy | B6: 46
A7: Fibonacci_1_llm_simplified.dfy | B7: 29
A8: InsertionSort_3_llm_simplified.dfy | B8: 68
A9: IntersectIntervals_3_llm_simplified.dfy | B9: 52
A10: LinearSearch_2_llm_simplified.dfy | B10: 26
A11: LongestPrefix_2_llm_simplified.dfy | B11: 21
A12: MakeBuckets_5_llm_simplified.dfy | B12: 64
A13: MaxDistEqual_4_llm_simplified.dfy | B13: 62
... A76: task_id_95_2_llm_simplified.dfy | B76: 34
