Workbook

Sheet Results_Parallel
A1: Ordering | B1: Key | C1: Filename | D1: Attempt | E1: Success | F1: Time Gen | G1: Time Ver | H1: Time API Call | I1: Success Merged Original | J1: Success Raw | K1: Success Postprocessed | L1: C | M1: Attempts to Success | N1: pass@2 | O1: pass@3 | P1: LOC llm | Q1: LOC man | R1: Helpers + lemmas
A2: 1 | B2: =C2&"-"&D2 -> BinarySearch.dfy-1 | C2: BinarySearch.dfy | D2: 1 | E2: =MAX(IFERROR(VLOOKUP(B2,'Results_ClaudeOpus4.5'!B:E,4,0),0),IFERROR(VLOOKUP(B2,'Results_GPT5.2Low'!B:E,4,0),0)) -> 1 | F2: =MAX('Results_ClaudeOpus4.5'!F2,'Results_GPT5.2Low'!F2) -> 13.3909 | G2: =MAX('Results_ClaudeOpus4.5'!G2,'Results_GPT5.2Low'!G2) -> 2.2487 | H2: =MAX(IFERROR(VLOOKUP(B2,'Results_ClaudeOpus4.5'!B:H,7,0),0),IFERROR(VLOOKUP(B2,'Results_GPT5.2Low'!B:H,7,0),0)) -> 13.3728 | I2: 1 | J2: 1 | K2: 1 | L2: =COUNTIFS(C:C,C2,E:E,1) -> 3 | M2: =_xlfn.MINIFS(D:D,C:C,C2,E:E,1) -> 1 | N2: =CHOOSE(L2+1,0,2/3,1,1) -> 1 | O2: =IF(L2>0,1,0) -> 1 | P2: =MIN(IF(IFERROR(VLOOKUP(B2,'Results_ClaudeOpus4.5'!B:E,4,0),0)=1,VLOOKUP(B2,'Results_ClaudeOpus4.5'!B:P,15,0),1000),IF(IFERROR(VLOOKUP(B2,'Results_GPT5.2Low'!B:E,4,0),0)=1,VLOOKUP(B2,'Results_GPT5.2Low'!B:P,15,0),1000)) -> 44 | Q2: =VLOOKUP(C2,Locs!A:C,3,0) -> 38 | R2: =VLOOKUP(C2,Locs!A:F,6,0) -> 0
A3: 2 | B3: =C3&"-"&D3 -> BinarySearch.dfy-2 | C3: BinarySearch.dfy | D3: 2 | E3: =MAX(IFERROR(VLOOKUP(B3,'Results_ClaudeOpus4.5'!B:E,4,0),0),IFERROR(VLOOKUP(B3,'Results_GPT5.2Low'!B:E,4,0),0)) -> 1 | F3: =MAX('Results_ClaudeOpus4.5'!F3,'Results_GPT5.2Low'!F3) -> 8.5129 | G3: =MAX('Results_ClaudeOpus4.5'!G3,'Results_GPT5.2Low'!G3) -> 2.2863 | H3: =MAX(IFERROR(VLOOKUP(B3,'Results_ClaudeOpus4.5'!B:H,7,0),0),IFERROR(VLOOKUP(B3,'Results_GPT5.2Low'!B:H,7,0),0)) -> 8.5107 | I3: 1 | J3: 1 | K3: 1 | L3: =COUNTIFS(C:C,C3,E:E,1) -> 3 | M3: =_xlfn.MINIFS(D:D,C:C,C3,E:E,1) -> 1 | N3: =CHOOSE(L3+1,0,2/3,1,1) -> 1 | O3: =IF(L3>0,1,0) -> 1 | P3: =MIN(IF(IFERROR(VLOOKUP(B3,'Results_ClaudeOpus4.5'!B:E,4,0),0)=1,VLOOKUP(B3,'Results_ClaudeOpus4.5'!B:P,15,0),1000),IF(IFERROR(VLOOKUP(B3,'Results_GPT5.2Low'!B:E,4,0),0)=1,VLOOKUP(B3,'Results_GPT5.2Low'!B:P,15,0),1000)) -> 43 | Q3: =VLOOKUP(C3,Locs!A:C,3,0) -> 38 | R3: =VLOOKUP(C3,Locs!A:F,6,0) -> 0
A4: 3 | B4: =C4&"-"&D4 -> BinarySearch.dfy-3 | C4: BinarySearch.dfy | D4: 3 | E4: =MAX(IFERROR(VLOOKUP(B4,'Results_ClaudeOpus4.5'!B:E,4,0),0),IFERROR(VLOOKUP(B4,'Results_GPT5.2Low'!B:E,4,0),0)) -> 1 | F4: =MAX('Results_ClaudeOpus4.5'!F4,'Results_GPT5.2Low'!F4) -> 7.4215 | G4: =MAX('Results_ClaudeOpus4.5'!G4,'Results_GPT5.2Low'!G4) -> 1.6851 | H4: =MAX(IFERROR(VLOOKUP(B4,'Results_ClaudeOpus4.5'!B:H,7,0),0),IFERROR(VLOOKUP(B4,'Results_GPT5.2Low'!B:H,7,0),0)) -> 7.4191 | I4: 1 | J4: 1 | K4: 1 | L4: =COUNTIFS(C:C,C4,E:E,1) -> 3 | M4: =_xlfn.MINIFS(D:D,C:C,C4,E:E,1) -> 1 | N4: =CHOOSE(L4+1,0,2/3,1,1) -> 1 | O4: =IF(L4>0,1,0) -> 1 | P4: =MIN(IF(IFERROR(VLOOKUP(B4,'Results_ClaudeOpus4.5'!B:E,4,0),0)=1,VLOOKUP(B4,'Results_ClaudeOpus4.5'!B:P,15,0),1000),IF(IFERROR(VLOOKUP(B4,'Results_GPT5.2Low'!B:E,4,0),0)=1,VLOOKUP(B4,'Results_GPT5.2Low'!B:P,15,0),1000)) -> 46 | Q4: =VLOOKUP(C4,Locs!A:C,3,0) -> 38 | R4: =VLOOKUP(C4,Locs!A:F,6,0) -> 0
A5: 4 | B5: =C5&"-"&D5 -> BubbleSort.dfy-1 | C5: BubbleSort.dfy | D5: 1 | E5: =MAX(IFERROR(VLOOKUP(B5,'Results_ClaudeOpus4.5'!B:E,4,0),0),IFERROR(VLOOKUP(B5,'Results_GPT5.2Low'!B:E,4,0),0)) -> 0 | F5: =MAX('Results_ClaudeOpus4.5'!F5,'Results_GPT5.2Low'!F5) -> 96.9746 | G5: =MAX('Results_ClaudeOpus4.5'!G5,'Results_GPT5.2Low'!G5) -> 4.4049 | H5: =MAX(IFERROR(VLOOKUP(B5,'Results_ClaudeOpus4.5'!B:H,7,0),0),IFERROR(VLOOKUP(B5,'Results_GPT5.2Low'!B:H,7,0),0)) -> 96.9528 | I5: -1 | J5: 0 | K5: 0 | L5: =COUNTIFS(C:C,C5,E:E,1) -> 0 | M5: =_xlfn.MINIFS(D:D,C:C,C5,E:E,1) -> 0 | N5: =CHOOSE(L5+1,0,2/3,1,1) -> 0 | O5: =IF(L5>0,1,0) -> 0 | P5: =MIN(IF(IFERROR(VLOOKUP(B5,'Results_ClaudeOpus4.5'!B:E,4,0),0)=1,VLOOKUP(B5,'Results_ClaudeOpus4.5'!B:P,15,0),1000),IF(IFERROR(VLOOKUP(B5,'Results_GPT5.2Low'!B:E,4,0),0)=1,VLOOKUP(B5,'Results_GPT5.2Low'!B:P,15,0),1000)) -> 1000 | Q5: =VLOOKUP(C5,Locs!A:C,3,0) -> 44 | R5: =VLOOKUP(C5,Locs!A:F,6,0) -> 1
A6: 5 | B6: =C6&"-"&D6 -> BubbleSort.dfy-2 | C6: BubbleSort.dfy | D6: 2 | E6: =MAX(IFERROR(VLOOKUP(B6,'Results_ClaudeOpus4.5'!B:E,4,0),0),IFERROR(VLOOKUP(B6,'Results_GPT5.2Low'!B:E,4,0),0)) -> 0 | F6: =MAX('Results_ClaudeOpus4.5'!F6,'Results_GPT5.2Low'!F6) -> 101.0192 | G6: =MAX('Results_ClaudeOpus4.5'!G6,'Results_GPT5.2Low'!G6) -> 2.4527 | H6: =MAX(IFERROR(VLOOKUP(B6,'Results_ClaudeOpus4.5'!B:H,7,0),0),IFERROR(VLOOKUP(B6,'Results_GPT5.2Low'!B:H,7,0),0)) -> 101.0111 | I6: -1 | J6: 0 | K6: 0 | L6: =COUNTIFS(C:C,C6,E:E,1) -> 0 | M6: =_xlfn.MINIFS(D:D,C:C,C6,E:E,1) -> 0 | N6: =CHOOSE(L6+1,0,2/3,1,1) -> 0 | O6: =IF(L6>0,1,0) -> 0 | P6: =MIN(IF(IFERROR(VLOOKUP(B6,'Results_ClaudeOpus4.5'!B:E,4,0),0)=1,VLOOKUP(B6,'Results_ClaudeOpus4.5'!B:P,15,0),1000),IF(IFERROR(VLOOKUP(B6,'Results_GPT5.2Low'!B:E,4,0),0)=1,VLOOKUP(B6,'Results_GPT5.2Low'!B:P,15,0),1000)) -> 1000 | Q6: =VLOOKUP(C6,Locs!A:C,3,0) -> 44 | R6: =VLOOKUP(C6,Locs!A:F,6,0) -> 1
A7: 6 | B7: =C7&"-"&D7 -> BubbleSort.dfy-3 | C7: BubbleSort.dfy | D7: 3 | E7: =MAX(IFERROR(VLOOKUP(B7,'Results_ClaudeOpus4.5'!B:E,4,0),0),IFERROR(VLOOKUP(B7,'Results_GPT5.2Low'!B:E,4,0),0)) -> 0 | F7: =MAX('Results_ClaudeOpus4.5'!F7,'Results_GPT5.2Low'!F7) -> 95.0839 | G7: =MAX('Results_ClaudeOpus4.5'!G7,'Results_GPT5.2Low'!G7) -> 2.7174 | H7: =MAX(IFERROR(VLOOKUP(B7,'Results_ClaudeOpus4.5'!B:H,7,0),0),IFERROR(VLOOKUP(B7,'Results_GPT5.2Low'!B:H,7,0),0)) -> 95.0817 | I7: -1 | J7: 0 | K7: 0 | L7: =COUNTIFS(C:C,C7,E:E,1) -> 0 | M7: =_xlfn.MINIFS(D:D,C:C,C7,E:E,1) -> 0 | N7: =CHOOSE(L7+1,0,2/3,1,1) -> 0 | O7: =IF(L7>0,1,0) -> 0 | P7: =MIN(IF(IFERROR(VLOOKUP(B7,'Results_ClaudeOpus4.5'!B:E,4,0),0)=1,VLOOKUP(B7,'Results_ClaudeOpus4.5'!B:P,15,0),1000),IF(IFERROR(VLOOKUP(B7,'Results_GPT5.2Low'!B:E,4,0),0)=1,VLOOKUP(B7,'Results_GPT5.2Low'!B:P,15,0),1000)) -> 1000 | Q7: =VLOOKUP(C7,Locs!A:C,3,0) -> 44 | R7: =VLOOKUP(C7,Locs!A:F,6,0) -> 1
A8: 7 | B8: =C8&"-"&D8 -> BubbleSort.dfy-4 | C8: BubbleSort.dfy | D8: 4 | E8: =MAX(IFERROR(VLOOKUP(B8,'Results_ClaudeOpus4.5'!B:E,4,0),0),IFERROR(VLOOKUP(B8,'Results_GPT5.2Low'!B:E,4,0),0)) -> 0 | F8: =MAX('Results_ClaudeOpus4.5'!F8,'Results_GPT5.2Low'!F8) -> 207.4272 | G8: =MAX('Results_ClaudeOpus4.5'!G8,'Results_GPT5.2Low'!G8) -> 4.2118 | H8: =MAX(IFERROR(VLOOKUP(B8,'Results_ClaudeOpus4.5'!B:H,7,0),0),IFERROR(VLOOKUP(B8,'Results_GPT5.2Low'!B:H,7,0),0)) -> 207.4196 | I8: 1 | J8: 1 | K8: 1 | L8: =COUNTIFS(C:C,C8,E:E,1) -> 0 | M8: =_xlfn.MINIFS(D:D,C:C,C8,E:E,1) -> 0 | N8: =CHOOSE(L8+1,0,2/3,1,1) -> 0 | O8: =IF(L8>0,1,0) -> 0 | P8: =MIN(IF(IFERROR(VLOOKUP(B8,'Results_ClaudeOpus4.5'!B:E,4,0),0)=1,VLOOKUP(B8,'Results_ClaudeOpus4.5'!B:P,15,0),1000),IF(IFERROR(VLOOKUP(B8,'Results_GPT5.2Low'!B:E,4,0),0)=1,VLOOKUP(B8,'Results_GPT5.2Low'!B:P,15,0),1000)) -> 1000 | Q8: =VLOOKUP(C8,Locs!A:C,3,0) -> 44 | R8: =VLOOKUP(C8,Locs!A:F,6,0) -> 1
A9: 8 | B9: =C9&"-"&D9 -> BubbleSort.dfy-5 | C9: BubbleSort.dfy | D9: 5 | E9: =MAX(IFERROR(VLOOKUP(B9,'Results_ClaudeOpus4.5'!B:E,4,0),0),IFERROR(VLOOKUP(B9,'Results_GPT5.2Low'!B:E,4,0),0)) -> 0 | F9: =MAX('Results_ClaudeOpus4.5'!F9,'Results_GPT5.2Low'!F9) -> 117.9149 | G9: =MAX('Results_ClaudeOpus4.5'!G9,'Results_GPT5.2Low'!G9) -> 2.4522 | H9: =MAX(IFERROR(VLOOKUP(B9,'Results_ClaudeOpus4.5'!B:H,7,0),0),IFERROR(VLOOKUP(B9,'Results_GPT5.2Low'!B:H,7,0),0)) -> 117.9127 | I9: 1 | J9: 1 | K9: 1 | L9: =COUNTIFS(C:C,C9,E:E,1) -> 0 | M9: =_xlfn.MINIFS(D:D,C:C,C9,E:E,1) -> 0 | N9: =CHOOSE(L9+1,0,2/3,1,1) -> 0 | O9: =IF(L9>0,1,0) -> 0 | P9: =MIN(IF(IFERROR(VLOOKUP(B9,'Results_ClaudeOpus4.5'!B:E,4,0),0)=1,VLOOKUP(B9,'Results_ClaudeOpus4.5'!B:P,15,0),1000),IF(IFERROR(VLOOKUP(B9,'Results_GPT5.2Low'!B:E,4,0),0)=1,VLOOKUP(B9,'Results_GPT5.2Low'!B:P,15,0),1000)) -> 1000 | Q9: =VLOOKUP(C9,Locs!A:C,3,0) -> 44 | R9: =VLOOKUP(C9,Locs!A:F,6,0) -> 1
A10: 9 | B10: =C10&"-"&D10 -> Catalan.dfy-1 | C10: Catalan.dfy | D10: 1 | E10: =MAX(IFERROR(VLOOKUP(B10,'Results_ClaudeOpus4.5'!B:E,4,0),0),IFERROR(VLOOKUP(B10,'Results_GPT5.2Low'!B:E,4,0),0)) -> 1 | F10: =MAX('Results_ClaudeOpus4.5'!F10,'Results_GPT5.2Low'!F10) -> 30.7428 | G10: =MAX('Results_ClaudeOpus4.5'!G10,'Results_GPT5.2Low'!G10) -> 2.2412 | H10: =MAX(IFERROR(VLOOKUP(B10,'Results_ClaudeOpus4.5'!B:H,7,0),0),IFERROR(VLOOKUP(B10,'Results_GPT5.2Low'!B:H,7,0),0)) -> 30.7227 | I10: 1 | J10: 1 | K10: 1 | L10: =COUNTIFS(C:C,C10,E:E,1) -> 3 | M10: =_xlfn.MINIFS(D:D,C:C,C10,E:E,1) -> 1 | N10: =CHOOSE(L10+1,0,2/3,1,1) -> 1 | O10: =IF(L10>0,1,0) -> 1 | P10: =MIN(IF(IFERROR(VLOOKUP(B10,'Results_ClaudeOpus4.5'!B:E,4,0),0)=1,VLOOKUP(B10,'Results_ClaudeOpus4.5'!B:P,15,0),1000),IF(IFERROR(VLOOKUP(B10,'Results_GPT5.2Low'!B:E,4,0),0)=1,VLOOKUP(B10,'Results_GPT5.2Low'!B:P,15,0),1000)) -> 30 | Q10: =VLOOKUP(C10,Locs!A:C,3,0) -> 28 | R10: =VLOOKUP(C10,Locs!A:F,6,0) -> 0
A11: 10 | B11: =C11&"-"&D11 -> Catalan.dfy-2 | C11: Catalan.dfy | D11: 2 | E11: =MAX(IFERROR(VLOOKUP(B11,'Results_ClaudeOpus4.5'!B:E,4,0),0),IFERROR(VLOOKUP(B11,'Results_GPT5.2Low'!B:E,4,0),0)) -> 1 | F11: =MAX('Results_ClaudeOpus4.5'!F11,'Results_GPT5.2Low'!F11) -> 32.4286 | G11: =MAX('Results_ClaudeOpus4.5'!G11,'Results_GPT5.2Low'!G11) -> 1.3656 | H11: =MAX(IFERROR(VLOOKUP(B11,'Results_ClaudeOpus4.5'!B:H,7,0),0),IFERROR(VLOOKUP(B11,'Results_GPT5.2Low'!B:H,7,0),0)) -> 32.4262 | I11: -1 | J11: 0 | K11: 0 | L11: =COUNTIFS(C:C,C11,E:E,1) -> 3 | M11: =_xlfn.MINIFS(D:D,C:C,C11,E:E,1) -> 1 | N11: =CHOOSE(L11+1,0,2/3,1,1) -> 1 | O11: =IF(L11>0,1,0) -> 1 | P11: =MIN(IF(IFERROR(VLOOKUP(B11,'Results_ClaudeOpus4.5'!B:E,4,0),0)=1,VLOOKUP(B11,'Results_ClaudeOpus4.5'!B:P,15,0),1000),IF(IFERROR(VLOOKUP(B11,'Results_GPT5.2Low'!B:E,4,0),0)=1,VLOOKUP(B11,'Results_GPT5.2Low'!B:P,15,0),1000)) -> 30 | Q11: =VLOOKUP(C11,Locs!A:C,3,0) -> 28 | R11: =VLOOKUP(C11,Locs!A:F,6,0) -> 0
A12: 11 | B12: =C12&"-"&D12 -> Catalan.dfy-3 | C12: Catalan.dfy | D12: 3 | E12: =MAX(IFERROR(VLOOKUP(B12,'Results_ClaudeOpus4.5'!B:E,4,0),0),IFERROR(VLOOKUP(B12,'Results_GPT5.2Low'!B:E,4,0),0)) -> 1 | F12: =MAX('Results_ClaudeOpus4.5'!F12,'Results_GPT5.2Low'!F12) -> 14.5678 | G12: =MAX('Results_ClaudeOpus4.5'!G12,'Results_GPT5.2Low'!G12) -> 61.2425 | H12: =MAX(IFERROR(VLOOKUP(B12,'Results_ClaudeOpus4.5'!B:H,7,0),0),IFERROR(VLOOKUP(B12,'Results_GPT5.2Low'!B:H,7,0),0)) -> 14.5579 | I12: -1 | J12: 0 | K12: 0 | L12: =COUNTIFS(C:C,C12,E:E,1) -> 3 | M12: =_xlfn.MINIFS(D:D,C:C,C12,E:E,1) -> 1 | N12: =CHOOSE(L12+1,0,2/3,1,1) -> 1 | O12: =IF(L12>0,1,0) -> 1 | P12: =MIN(IF(IFERROR(VLOOKUP(B12,'Results_ClaudeOpus4.5'!B:E,4,0),0)=1,VLOOKUP(B12,'Results_ClaudeOpus4.5'!B:P,15,0),1000),IF(IFERROR(VLOOKUP(B12,'Results_GPT5.2Low'!B:E,4,0),0)=1,VLOOKUP(B12,'Results_GPT5.2Low'!B:P,15,0),1000)) -> 30 | Q12: =VLOOKUP(C12,Locs!A:C,3,0) -> 28 | R12: =VLOOKUP(C12,Locs!A:F,6,0) -> 0
A13: 12 | B13: =C13&"-"&D13 -> CombNK.dfy-1 | C13: CombNK.dfy | D13: 1 | E13: =MAX(IFERROR(VLOOKUP(B13,'Results_ClaudeOpus4.5'!B:E,4,0),0),IFERROR(VLOOKUP(B13,'Results_GPT5.2Low'!B:E,4,0),0)) -> 1 | F13: =MAX('Results_ClaudeOpus4.5'!F13,'Results_GPT5.2Low'!F13) -> 26.414 | G13: =MAX('Results_ClaudeOpus4.5'!G13,'Results_GPT5.2Low'!G13) -> 2.2477 | H13: =MAX(IFERROR(VLOOKUP(B13,'Results_ClaudeOpus4.5'!B:H,7,0),0),IFERROR(VLOOKUP(B13,'Results_GPT5.2Low'!B:H,7,0),0)) -> 26.3899 | I13: -1 | J13: 0 | K13: 0 | L13: =COUNTIFS(C:C,C13,E:E,1) -> 2 | M13: =_xlfn.MINIFS(D:D,C:C,C13,E:E,1) -> 1 | N13: =CHOOSE(L13+1,0,2/3,1,1) -> 1 | O13: =IF(L13>0,1,0) -> 1 | P13: =MIN(IF(IFERROR(VLOOKUP(B13,'Results_ClaudeOpus4.5'!B:E,4,0),0)=1,VLOOKUP(B13,'Results_ClaudeOpus4.5'!B:P,15,0),1000),IF(IFERROR(VLOOKUP(B13,'Results_GPT5.2Low'!B:E,4,0),0)=1,VLOOKUP(B13,'Results_GPT5.2Low'!B:P,15,0),1000)) -> 48 | Q13: =VLOOKUP(C13,Locs!A:C,3,0) -> 38 | R13: =VLOOKUP(C13,Locs!A:F,6,0) -> 0
... A331: 330 | B331: =C331&"-"&D331 -> task_id_629.dfy-3 | C331: task_id_629.dfy | D331: 3 | E331: =MAX(IFERROR(VLOOKUP(B331,'Results_ClaudeOpus4.5'!B:E,4,0),0),IFERROR(VLOOKUP(B331,'Results_GPT5.2Low'!B:E,4,0),0)) -> 1 | F331: =MAX('Results_ClaudeOpus4.5'!F331,'Results_GPT5.2Low'!F331) -> 8.2612 | G331: =MAX('Results_ClaudeOpus4.5'!G331,'Results_GPT5.2Low'!G331) -> 2.4806 | H331: =MAX(IFERROR(VLOOKUP(B331,'Results_ClaudeOpus4.5'!B:H,7,0),0),IFERROR(VLOOKUP(B331,'Results_GPT5.2Low'!B:H,7,0),0)) -> 15.5691 | I331: 1 | J331: 0 | K331: 0 | L331: =COUNTIFS(C:C,C331,E:E,1) -> 3 | M331: =_xlfn.MINIFS(D:D,C:C,C331,E:E,1) -> 1 | N331: =CHOOSE(L331+1,0,2/3,1,1) -> 1 | O331: =IF(L331>0,1,0) -> 1 | P331: =MIN(IF(IFERROR(VLOOKUP(B331,'Results_ClaudeOpus4.5'!B:E,4,0),0)=1,VLOOKUP(B331,'Results_ClaudeOpus4.5'!B:P,15,0),1000),IF(IFERROR(VLOOKUP(B331,'Results_GPT5.2Low'!B:E,4,0),0)=1,VLOOKUP(B331,'Results_GPT5.2Low'!B:P,15,0),1000)) -> 45 | Q331: =VLOOKUP(C331,Locs!A:C,3,0) -> 49 | R331: =VLOOKUP(C331,Locs!A:F,6,0) -> 2
B332: =C332&"-"&D332 -> task_id_632.dfy-1 | C332: task_id_632.dfy | D332: 1 | E332: =MAX(IFERROR(VLOOKUP(B332,'Results_ClaudeOpus4.5'!B:E,4,0),0),IFERROR(VLOOKUP(B332,'Results_GPT5.2Low'!B:E,4,0),0)) -> 0 | F332: =MAX('Results_ClaudeOpus4.5'!F332,'Results_GPT5.2Low'!F332) -> 22.3121 | G332: =MAX('Results_ClaudeOpus4.5'!G332,'Results_GPT5.2Low'!G332) -> 2.6992 | H332: =MAX(IFERROR(VLOOKUP(B332,'Results_ClaudeOpus4.5'!B:H,7,0),0),IFERROR(VLOOKUP(B332,'Results_GPT5.2Low'!B:H,7,0),0)) -> 26.1676 | I332: 1 | J332: 0 | K332: 0 | L332: =COUNTIFS(C:C,C332,E:E,1) -> 0 | M332: =_xlfn.MINIFS(D:D,C:C,C332,E:E,1) -> 0 | N332: =CHOOSE(L332+1,0,2/3,1,1) -> 0 | O332: =IF(L332>0,1,0) -> 0 | P332: =MIN(IF(IFERROR(VLOOKUP(B332,'Results_ClaudeOpus4.5'!B:E,4,0),0)=1,VLOOKUP(B332,'Results_ClaudeOpus4.5'!B:P,15,0),1000),IF(IFERROR(VLOOKUP(B332,'Results_GPT5.2Low'!B:E,4,0),0)=1,VLOOKUP(B332,'Results_GPT5.2Low'!B:P,15,0),1000)) -> 1000 | Q332: =VLOOKUP(C332,Locs!A:C,3,0) -> 48 | R332: =VLOOKUP(C332,Locs!A:F,6,0) -> 2
B333: =C333&"-"&D333 -> task_id_632.dfy-2 | C333: task_id_632.dfy | D333: 2 | E333: =MAX(IFERROR(VLOOKUP(B333,'Results_ClaudeOpus4.5'!B:E,4,0),0),IFERROR(VLOOKUP(B333,'Results_GPT5.2Low'!B:E,4,0),0)) -> 0 | F333: =MAX('Results_ClaudeOpus4.5'!F333,'Results_GPT5.2Low'!F333) -> 11.2195 | G333: =MAX('Results_ClaudeOpus4.5'!G333,'Results_GPT5.2Low'!G333) -> 2.8043 | H333: =MAX(IFERROR(VLOOKUP(B333,'Results_ClaudeOpus4.5'!B:H,7,0),0),IFERROR(VLOOKUP(B333,'Results_GPT5.2Low'!B:H,7,0),0)) -> 56.9745 | I333: 1 | J333: 0 | K333: 0 | L333: =COUNTIFS(C:C,C333,E:E,1) -> 0 | M333: =_xlfn.MINIFS(D:D,C:C,C333,E:E,1) -> 0 | N333: =CHOOSE(L333+1,0,2/3,1,1) -> 0 | O333: =IF(L333>0,1,0) -> 0 | P333: =MIN(IF(IFERROR(VLOOKUP(B333,'Results_ClaudeOpus4.5'!B:E,4,0),0)=1,VLOOKUP(B333,'Results_ClaudeOpus4.5'!B:P,15,0),1000),IF(IFERROR(VLOOKUP(B333,'Results_GPT5.2Low'!B:E,4,0),0)=1,VLOOKUP(B333,'Results_GPT5.2Low'!B:P,15,0),1000)) -> 1000 | Q333: =VLOOKUP(C333,Locs!A:C,3,0) -> 48 | R333: =VLOOKUP(C333,Locs!A:F,6,0) -> 2
B334: =C334&"-"&D334 -> task_id_632.dfy-3 | C334: task_id_632.dfy | D334: 3 | E334: =MAX(IFERROR(VLOOKUP(B334,'Results_ClaudeOpus4.5'!B:E,4,0),0),IFERROR(VLOOKUP(B334,'Results_GPT5.2Low'!B:E,4,0),0)) -> 0 | F334: =MAX('Results_ClaudeOpus4.5'!F334,'Results_GPT5.2Low'!F334) -> 11.404 | G334: =MAX('Results_ClaudeOpus4.5'!G334,'Results_GPT5.2Low'!G334) -> 2.6997 | H334: =MAX(IFERROR(VLOOKUP(B334,'Results_ClaudeOpus4.5'!B:H,7,0),0),IFERROR(VLOOKUP(B334,'Results_GPT5.2Low'!B:H,7,0),0)) -> 30.4111 | I334: 1 | J334: 0 | K334: 0 | L334: =COUNTIFS(C:C,C334,E:E,1) -> 0 | M334: =_xlfn.MINIFS(D:D,C:C,C334,E:E,1) -> 0 | N334: =CHOOSE(L334+1,0,2/3,1,1) -> 0 | O334: =IF(L334>0,1,0) -> 0 | P334: =MIN(IF(IFERROR(VLOOKUP(B334,'Results_ClaudeOpus4.5'!B:E,4,0),0)=1,VLOOKUP(B334,'Results_ClaudeOpus4.5'!B:P,15,0),1000),IF(IFERROR(VLOOKUP(B334,'Results_GPT5.2Low'!B:E,4,0),0)=1,VLOOKUP(B334,'Results_GPT5.2Low'!B:P,15,0),1000)) -> 1000 | Q334: =VLOOKUP(C334,Locs!A:C,3,0) -> 48 | R334: =VLOOKUP(C334,Locs!A:F,6,0) -> 2
B335: =C335&"-"&D335 -> task_id_632.dfy-4 | C335: task_id_632.dfy | D335: 4 | E335: =MAX(IFERROR(VLOOKUP(B335,'Results_ClaudeOpus4.5'!B:E,4,0),0),IFERROR(VLOOKUP(B335,'Results_GPT5.2Low'!B:E,4,0),0)) -> 0 | F335: =MAX('Results_ClaudeOpus4.5'!F335,'Results_GPT5.2Low'!F335) -> 10.3103 | G335: =MAX('Results_ClaudeOpus4.5'!G335,'Results_GPT5.2Low'!G335) -> 13.4955 | H335: =MAX(IFERROR(VLOOKUP(B335,'Results_ClaudeOpus4.5'!B:H,7,0),0),IFERROR(VLOOKUP(B335,'Results_GPT5.2Low'!B:H,7,0),0)) -> 35.8202 | I335: 1 | J335: 0 | K335: 0 | L335: =COUNTIFS(C:C,C335,E:E,1) -> 0 | M335: =_xlfn.MINIFS(D:D,C:C,C335,E:E,1) -> 0 | N335: =CHOOSE(L335+1,0,2/3,1,1) -> 0 | O335: =IF(L335>0,1,0) -> 0 | P335: =MIN(IF(IFERROR(VLOOKUP(B335,'Results_ClaudeOpus4.5'!B:E,4,0),0)=1,VLOOKUP(B335,'Results_ClaudeOpus4.5'!B:P,15,0),1000),IF(IFERROR(VLOOKUP(B335,'Results_GPT5.2Low'!B:E,4,0),0)=1,VLOOKUP(B335,'Results_GPT5.2Low'!B:P,15,0),1000)) -> 1000 | Q335: =VLOOKUP(C335,Locs!A:C,3,0) -> 48 | R335: =VLOOKUP(C335,Locs!A:F,6,0) -> 2
B336: =C336&"-"&D336 -> task_id_632.dfy-5 | C336: task_id_632.dfy | D336: 5 | E336: =MAX(IFERROR(VLOOKUP(B336,'Results_ClaudeOpus4.5'!B:E,4,0),0),IFERROR(VLOOKUP(B336,'Results_GPT5.2Low'!B:E,4,0),0)) -> 0 | F336: =MAX('Results_ClaudeOpus4.5'!F336,'Results_GPT5.2Low'!F336) -> 31.7552 | G336: =MAX('Results_ClaudeOpus4.5'!G336,'Results_GPT5.2Low'!G336) -> 1.9592 | H336: =MAX(IFERROR(VLOOKUP(B336,'Results_ClaudeOpus4.5'!B:H,7,0),0),IFERROR(VLOOKUP(B336,'Results_GPT5.2Low'!B:H,7,0),0)) -> 66.3743 | I336: 1 | J336: 0 | K336: 0 | L336: =COUNTIFS(C:C,C336,E:E,1) -> 0 | M336: =_xlfn.MINIFS(D:D,C:C,C336,E:E,1) -> 0 | N336: =CHOOSE(L336+1,0,2/3,1,1) -> 0 | O336: =IF(L336>0,1,0) -> 0 | P336: =MIN(IF(IFERROR(VLOOKUP(B336,'Results_ClaudeOpus4.5'!B:E,4,0),0)=1,VLOOKUP(B336,'Results_ClaudeOpus4.5'!B:P,15,0),1000),IF(IFERROR(VLOOKUP(B336,'Results_GPT5.2Low'!B:E,4,0),0)=1,VLOOKUP(B336,'Results_GPT5.2Low'!B:P,15,0),1000)) -> 1000 | Q336: =VLOOKUP(C336,Locs!A:C,3,0) -> 48 | R336: =VLOOKUP(C336,Locs!A:F,6,0) -> 2
B337: =C337&"-"&D337 -> task_id_644.dfy-1 | C337: task_id_644.dfy | D337: 1 | E337: =MAX(IFERROR(VLOOKUP(B337,'Results_ClaudeOpus4.5'!B:E,4,0),0),IFERROR(VLOOKUP(B337,'Results_GPT5.2Low'!B:E,4,0),0)) -> 1 | F337: =MAX('Results_ClaudeOpus4.5'!F337,'Results_GPT5.2Low'!F337) -> 45.4918 | G337: =MAX('Results_ClaudeOpus4.5'!G337,'Results_GPT5.2Low'!G337) -> 1.7295 | H337: =MAX(IFERROR(VLOOKUP(B337,'Results_ClaudeOpus4.5'!B:H,7,0),0),IFERROR(VLOOKUP(B337,'Results_GPT5.2Low'!B:H,7,0),0)) -> 8.4595 | I337: 1 | J337: 0 | K337: 0 | L337: =COUNTIFS(C:C,C337,E:E,1) -> 3 | M337: =_xlfn.MINIFS(D:D,C:C,C337,E:E,1) -> 1 | N337: =CHOOSE(L337+1,0,2/3,1,1) -> 1 | O337: =IF(L337>0,1,0) -> 1 | P337: =MIN(IF(IFERROR(VLOOKUP(B337,'Results_ClaudeOpus4.5'!B:E,4,0),0)=1,VLOOKUP(B337,'Results_ClaudeOpus4.5'!B:P,15,0),1000),IF(IFERROR(VLOOKUP(B337,'Results_GPT5.2Low'!B:E,4,0),0)=1,VLOOKUP(B337,'Results_GPT5.2Low'!B:P,15,0),1000)) -> 33 | Q337: =VLOOKUP(C337,Locs!A:C,3,0) -> 31 | R337: =VLOOKUP(C337,Locs!A:F,6,0) -> 0
B338: =C338&"-"&D338 -> task_id_644.dfy-2 | C338: task_id_644.dfy | D338: 2 | E338: =MAX(IFERROR(VLOOKUP(B338,'Results_ClaudeOpus4.5'!B:E,4,0),0),IFERROR(VLOOKUP(B338,'Results_GPT5.2Low'!B:E,4,0),0)) -> 1 | F338: =MAX('Results_ClaudeOpus4.5'!F338,'Results_GPT5.2Low'!F338) -> 30.6537 | G338: =MAX('Results_ClaudeOpus4.5'!G338,'Results_GPT5.2Low'!G338) -> 1.4259 | H338: =MAX(IFERROR(VLOOKUP(B338,'Results_ClaudeOpus4.5'!B:H,7,0),0),IFERROR(VLOOKUP(B338,'Results_GPT5.2Low'!B:H,7,0),0)) -> 16.1403 | I338: 1 | J338: 0 | K338: 0 | L338: =COUNTIFS(C:C,C338,E:E,1) -> 3 | M338: =_xlfn.MINIFS(D:D,C:C,C338,E:E,1) -> 1 | N338: =CHOOSE(L338+1,0,2/3,1,1) -> 1 | O338: =IF(L338>0,1,0) -> 1 | P338: =MIN(IF(IFERROR(VLOOKUP(B338,'Results_ClaudeOpus4.5'!B:E,4,0),0)=1,VLOOKUP(B338,'Results_ClaudeOpus4.5'!B:P,15,0),1000),IF(IFERROR(VLOOKUP(B338,'Results_GPT5.2Low'!B:E,4,0),0)=1,VLOOKUP(B338,'Results_GPT5.2Low'!B:P,15,0),1000)) -> 33 | Q338: =VLOOKUP(C338,Locs!A:C,3,0) -> 31 | R338: =VLOOKUP(C338,Locs!A:F,6,0) -> 0
B339: =C339&"-"&D339 -> task_id_644.dfy-3 | C339: task_id_644.dfy | D339: 3 | E339: =MAX(IFERROR(VLOOKUP(B339,'Results_ClaudeOpus4.5'!B:E,4,0),0),IFERROR(VLOOKUP(B339,'Results_GPT5.2Low'!B:E,4,0),0)) -> 1 | F339: =MAX('Results_ClaudeOpus4.5'!F339,'Results_GPT5.2Low'!F339) -> 63.0239 | G339: =MAX('Results_ClaudeOpus4.5'!G339,'Results_GPT5.2Low'!G339) -> 2.2719 | H339: =MAX(IFERROR(VLOOKUP(B339,'Results_ClaudeOpus4.5'!B:H,7,0),0),IFERROR(VLOOKUP(B339,'Results_GPT5.2Low'!B:H,7,0),0)) -> 10.0568 | I339: 1 | J339: 0 | K339: 0 | L339: =COUNTIFS(C:C,C339,E:E,1) -> 3 | M339: =_xlfn.MINIFS(D:D,C:C,C339,E:E,1) -> 1 | N339: =CHOOSE(L339+1,0,2/3,1,1) -> 1 | O339: =IF(L339>0,1,0) -> 1 | P339: =MIN(IF(IFERROR(VLOOKUP(B339,'Results_ClaudeOpus4.5'!B:E,4,0),0)=1,VLOOKUP(B339,'Results_ClaudeOpus4.5'!B:P,15,0),1000),IF(IFERROR(VLOOKUP(B339,'Results_GPT5.2Low'!B:E,4,0),0)=1,VLOOKUP(B339,'Results_GPT5.2Low'!B:P,15,0),1000)) -> 33 | Q339: =VLOOKUP(C339,Locs!A:C,3,0) -> 31 | R339: =VLOOKUP(C339,Locs!A:F,6,0) -> 0
B340: =C340&"-"&D340 -> task_id_69.dfy-1 | C340: task_id_69.dfy | D340: 1 | E340: =MAX(IFERROR(VLOOKUP(B340,'Results_ClaudeOpus4.5'!B:E,4,0),0),IFERROR(VLOOKUP(B340,'Results_GPT5.2Low'!B:E,4,0),0)) -> 1 | F340: =MAX('Results_ClaudeOpus4.5'!F340,'Results_GPT5.2Low'!F340) -> 76.0011 | G340: =MAX('Results_ClaudeOpus4.5'!G340,'Results_GPT5.2Low'!G340) -> 1.3566 | H340: =MAX(IFERROR(VLOOKUP(B340,'Results_ClaudeOpus4.5'!B:H,7,0),0),IFERROR(VLOOKUP(B340,'Results_GPT5.2Low'!B:H,7,0),0)) -> 15.4214 | I340: 1 | J340: 0 | K340: 0 | L340: =COUNTIFS(C:C,C340,E:E,1) -> 3 | M340: =_xlfn.MINIFS(D:D,C:C,C340,E:E,1) -> 1 | N340: =CHOOSE(L340+1,0,2/3,1,1) -> 1 | O340: =IF(L340>0,1,0) -> 1 | P340: =MIN(IF(IFERROR(VLOOKUP(B340,'Results_ClaudeOpus4.5'!B:E,4,0),0)=1,VLOOKUP(B340,'Results_ClaudeOpus4.5'!B:P,15,0),1000),IF(IFERROR(VLOOKUP(B340,'Results_GPT5.2Low'!B:E,4,0),0)=1,VLOOKUP(B340,'Results_GPT5.2Low'!B:P,15,0),1000)) -> 27 | Q340: =VLOOKUP(C340,Locs!A:C,3,0) -> 27 | R340: =VLOOKUP(C340,Locs!A:F,6,0) -> 0
B341: =C341&"-"&D341 -> task_id_69.dfy-2 | C341: task_id_69.dfy | D341: 2 | E341: =MAX(IFERROR(VLOOKUP(B341,'Results_ClaudeOpus4.5'!B:E,4,0),0),IFERROR(VLOOKUP(B341,'Results_GPT5.2Low'!B:E,4,0),0)) -> 1 | F341: =MAX('Results_ClaudeOpus4.5'!F341,'Results_GPT5.2Low'!F341) -> 13.8553 | G341: =MAX('Results_ClaudeOpus4.5'!G341,'Results_GPT5.2Low'!G341) -> 1.8594 | H341: =MAX(IFERROR(VLOOKUP(B341,'Results_ClaudeOpus4.5'!B:H,7,0),0),IFERROR(VLOOKUP(B341,'Results_GPT5.2Low'!B:H,7,0),0)) -> 7.3747 | I341: 1 | J341: 0 | K341: 0 | L341: =COUNTIFS(C:C,C341,E:E,1) -> 3 | M341: =_xlfn.MINIFS(D:D,C:C,C341,E:E,1) -> 1 | N341: =CHOOSE(L341+1,0,2/3,1,1) -> 1 | O341: =IF(L341>0,1,0) -> 1 | P341: =MIN(IF(IFERROR(VLOOKUP(B341,'Results_ClaudeOpus4.5'!B:E,4,0),0)=1,VLOOKUP(B341,'Results_ClaudeOpus4.5'!B:P,15,0),1000),IF(IFERROR(VLOOKUP(B341,'Results_GPT5.2Low'!B:E,4,0),0)=1,VLOOKUP(B341,'Results_GPT5.2Low'!B:P,15,0),1000)) -> 27 | Q341: =VLOOKUP(C341,Locs!A:C,3,0) -> 27 | R341: =VLOOKUP(C341,Locs!A:F,6,0) -> 0
B342: =C342&"-"&D342 -> task_id_69.dfy-3 | C342: task_id_69.dfy | D342: 3 | E342: =MAX(IFERROR(VLOOKUP(B342,'Results_ClaudeOpus4.5'!B:E,4,0),0),IFERROR(VLOOKUP(B342,'Results_GPT5.2Low'!B:E,4,0),0)) -> 1 | F342: =MAX('Results_ClaudeOpus4.5'!F342,'Results_GPT5.2Low'!F342) -> 25.2172 | G342: =MAX('Results_ClaudeOpus4.5'!G342,'Results_GPT5.2Low'!G342) -> 1.9384 | H342: =MAX(IFERROR(VLOOKUP(B342,'Results_ClaudeOpus4.5'!B:H,7,0),0),IFERROR(VLOOKUP(B342,'Results_GPT5.2Low'!B:H,7,0),0)) -> 8.588 | I342: 1 | J342: 0 | K342: 0 | L342: =COUNTIFS(C:C,C342,E:E,1) -> 3 | M342: =_xlfn.MINIFS(D:D,C:C,C342,E:E,1) -> 1 | N342: =CHOOSE(L342+1,0,2/3,1,1) -> 1 | O342: =IF(L342>0,1,0) -> 1 | P342: =MIN(IF(IFERROR(VLOOKUP(B342,'Results_ClaudeOpus4.5'!B:E,4,0),0)=1,VLOOKUP(B342,'Results_ClaudeOpus4.5'!B:P,15,0),1000),IF(IFERROR(VLOOKUP(B342,'Results_GPT5.2Low'!B:E,4,0),0)=1,VLOOKUP(B342,'Results_GPT5.2Low'!B:P,15,0),1000)) -> 27 | Q342: =VLOOKUP(C342,Locs!A:C,3,0) -> 27 | R342: =VLOOKUP(C342,Locs!A:F,6,0) -> 0
B343: =C343&"-"&D343 -> task_id_70.dfy-1 | C343: task_id_70.dfy | D343: 1 | E343: =MAX(IFERROR(VLOOKUP(B343,'Results_ClaudeOpus4.5'!B:E,4,0),0),IFERROR(VLOOKUP(B343,'Results_GPT5.2Low'!B:E,4,0),0)) -> 0 | F343: =MAX('Results_ClaudeOpus4.5'!F343,'Results_GPT5.2Low'!F343) -> 15.5712 | G343: =MAX('Results_ClaudeOpus4.5'!G343,'Results_GPT5.2Low'!G343) -> 1.8225 | H343: =MAX(IFERROR(VLOOKUP(B343,'Results_ClaudeOpus4.5'!B:H,7,0),0),IFERROR(VLOOKUP(B343,'Results_GPT5.2Low'!B:H,7,0),0)) -> 14.7941 | I343: 1 | J343: 0 | K343: 0 | L343: =COUNTIFS(C:C,C343,E:E,1) -> 0 | M343: =_xlfn.MINIFS(D:D,C:C,C343,E:E,1) -> 0 | N343: =CHOOSE(L343+1,0,2/3,1,1) -> 0 | O343: =IF(L343>0,1,0) -> 0 | P343: =MIN(IF(IFERROR(VLOOKUP(B343,'Results_ClaudeOpus4.5'!B:E,4,0),0)=1,VLOOKUP(B343,'Results_ClaudeOpus4.5'!B:P,15,0),1000),IF(IFERROR(VLOOKUP(B343,'Results_GPT5.2Low'!B:E,4,0),0)=1,VLOOKUP(B343,'Results_GPT5.2Low'!B:P,15,0),1000)) -> 1000 | Q343: =VLOOKUP(C343,Locs!A:C,3,0) -> 28 | R343: =VLOOKUP(C343,Locs!A:F,6,0) -> 1
... B443: =C443&"-"&D443 -> task_id_95.dfy-5 | C443: task_id_95.dfy | D443: 5 | E443: =MAX(IFERROR(VLOOKUP(B443,'Results_ClaudeOpus4.5'!B:E,4,0),0),IFERROR(VLOOKUP(B443,'Results_GPT5.2Low'!B:E,4,0),0)) -> 0 | F443: =MAX('Results_ClaudeOpus4.5'!F443,'Results_GPT5.2Low'!F443) -> 16.8799 | G443: =MAX('Results_ClaudeOpus4.5'!G443,'Results_GPT5.2Low'!G443) -> 2.251 | H443: =MAX(IFERROR(VLOOKUP(B443,'Results_ClaudeOpus4.5'!B:H,7,0),0),IFERROR(VLOOKUP(B443,'Results_GPT5.2Low'!B:H,7,0),0)) -> 14.8361 | I443: 1 | J443: 0 | K443: 0 | L443: =COUNTIFS(C:C,C443,E:E,1) -> 0 | M443: =_xlfn.MINIFS(D:D,C:C,C443,E:E,1) -> 0 | N443: =CHOOSE(L443+1,0,2/3,1,1) -> 0 | O443: =IF(L443>0,1,0) -> 0 | P443: =MIN(IF(IFERROR(VLOOKUP(B443,'Results_ClaudeOpus4.5'!B:E,4,0),0)=1,VLOOKUP(B443,'Results_ClaudeOpus4.5'!B:P,15,0),1000),IF(IFERROR(VLOOKUP(B443,'Results_GPT5.2Low'!B:E,4,0),0)=1,VLOOKUP(B443,'Results_GPT5.2Low'!B:P,15,0),1000)) -> 1000 | Q443: =VLOOKUP(C443,Locs!A:C,3,0) -> 32 | R443: =VLOOKUP(C443,Locs!A:F,6,0) -> 6

Sheet Results_ClaudeOpus4.5
A1: Ordering | B1: Key | C1: Filename | D1: Attempt | E1: Success | F1: Time Gen | G1: Time Ver | H1: Time API Call | I1: Success Merged Original | J1: Success Raw | K1: Success Postprocessed | L1: C | M1: Attempts to Success | N1: 2 | O1: 3 | P1: LOC llm | Q1: LOC man | R1: Helpers + lemmas | S1: n to pass | T1: File | U1: LOC
A2: 1 | B2: =C2&"-"&D2 -> BinarySearch.dfy-1 | C2: BinarySearch.dfy | D2: 1 | E2: 1 | F2: 10.2125 | G2: 1.6528 | H2: 10.2105 | I2: 1 | J2: 1 | K2: 1 | L2: =COUNTIFS(C:C,C2,E:E,1) -> 3 | M2: =_xlfn.MINIFS(D:D,C:C,C2,E:E,1) -> 1 | N2: =CHOOSE(L2+1,0,2/3,1,1) -> 1 | O2: =IF(L2>0,1,0) -> 1 | P2: =VLOOKUP(LEFT(C2,LEN(C2)-4)&"_"&D2&"_llm.dfy",T:U,2,0) -> 47 | Q2: =VLOOKUP(C2,Locs!A:C,3,0) -> 38 | R2: =VLOOKUP(C2,Locs!A:F,6,0) -> 0 | S2: =_xlfn.MINIFS(D:D,C:C,C2,E:E,1) -> 1 | T2: BinarySearch_1_llm.dfy | U2: 47
A3: 2 | B3: =C3&"-"&D3 -> BinarySearch.dfy-2 | C3: BinarySearch.dfy | D3: 2 | E3: 1 | F3: 7.9071 | G3: 2.2863 | H3: 7.9051 | I3: 1 | J3: 1 | K3: 1 | L3: =COUNTIFS(C:C,C3,E:E,1) -> 3 | M3: =_xlfn.MINIFS(D:D,C:C,C3,E:E,1) -> 1 | N3: =CHOOSE(L3+1,0,2/3,1,1) -> 1 | O3: =IF(L3>0,1,0) -> 1 | P3: =VLOOKUP(LEFT(C3,LEN(C3)-4)&"_"&D3&"_llm.dfy",T:U,2,0) -> 47 | Q3: =VLOOKUP(C3,Locs!A:C,3,0) -> 38 | R3: =VLOOKUP(C3,Locs!A:F,6,0) -> 0 | S3: =_xlfn.MINIFS(D:D,C:C,C3,E:E,1) -> 1 | T3: BinarySearch_2_llm.dfy | U3: 47
A4: 3 | B4: =C4&"-"&D4 -> BinarySearch.dfy-3 | C4: BinarySearch.dfy | D4: 3 | E4: 1 | F4: 7.4215 | G4: 1.6505 | H4: 7.4191 | I4: 1 | J4: 1 | K4: 1 | L4: =COUNTIFS(C:C,C4,E:E,1) -> 3 | M4: =_xlfn.MINIFS(D:D,C:C,C4,E:E,1) -> 1 | N4: =CHOOSE(L4+1,0,2/3,1,1) -> 1 | O4: =IF(L4>0,1,0) -> 1 | P4: =VLOOKUP(LEFT(C4,LEN(C4)-4)&"_"&D4&"_llm.dfy",T:U,2,0) -> 47 | Q4: =VLOOKUP(C4,Locs!A:C,3,0) -> 38 | R4: =VLOOKUP(C4,Locs!A:F,6,0) -> 0 | S4: =_xlfn.MINIFS(D:D,C:C,C4,E:E,1) -> 1 | T4: BinarySearch_3_llm.dfy | U4: 47
A5: 4 | B5: =C5&"-"&D5 -> BubbleSort.dfy-1 | C5: BubbleSort.dfy | D5: 1 | E5: 0 | F5: 11.5263 | G5: 4.4049 | H5: 11.5238 | I5: -1 | J5: 0 | K5: 0 | L5: =COUNTIFS(C:C,C5,E:E,1) -> 0 | M5: =_xlfn.MINIFS(D:D,C:C,C5,E:E,1) -> 0 | N5: =CHOOSE(L5+1,0,2/3,1,1) -> 0 | O5: =IF(L5>0,1,0) -> 0 | P5: =VLOOKUP(LEFT(C5,LEN(C5)-4)&"_"&D5&"_llm.dfy",T:U,2,0) -> 53 | Q5: =VLOOKUP(C5,Locs!A:C,3,0) -> 44 | R5: =VLOOKUP(C5,Locs!A:F,6,0) -> 1 | S5: =_xlfn.MINIFS(D:D,C:C,C5,E:E,1) -> 0 | T5: BubbleSort_1_llm.dfy | U5: 53
A6: 5 | B6: =C6&"-"&D6 -> BubbleSort.dfy-2 | C6: BubbleSort.dfy | D6: 2 | E6: 0 | F6: 9.3543 | G6: 2.2486 | H6: 9.3506 | I6: -1 | J6: 0 | K6: 0 | L6: =COUNTIFS(C:C,C6,E:E,1) -> 0 | M6: =_xlfn.MINIFS(D:D,C:C,C6,E:E,1) -> 0 | N6: =CHOOSE(L6+1,0,2/3,1,1) -> 0 | O6: =IF(L6>0,1,0) -> 0 | P6: =VLOOKUP(LEFT(C6,LEN(C6)-4)&"_"&D6&"_llm.dfy",T:U,2,0) -> 51 | Q6: =VLOOKUP(C6,Locs!A:C,3,0) -> 44 | R6: =VLOOKUP(C6,Locs!A:F,6,0) -> 1 | S6: =_xlfn.MINIFS(D:D,C:C,C6,E:E,1) -> 0 | T6: BubbleSort_2_llm.dfy | U6: 51
A7: 6 | B7: =C7&"-"&D7 -> BubbleSort.dfy-3 | C7: BubbleSort.dfy | D7: 3 | E7: 0 | F7: 8.8028 | G7: 2.5997 | H7: 8.8014 | I7: -1 | J7: 0 | K7: 0 | L7: =COUNTIFS(C:C,C7,E:E,1) -> 0 | M7: =_xlfn.MINIFS(D:D,C:C,C7,E:E,1) -> 0 | N7: =CHOOSE(L7+1,0,2/3,1,1) -> 0 | O7: =IF(L7>0,1,0) -> 0 | P7: =VLOOKUP(LEFT(C7,LEN(C7)-4)&"_"&D7&"_llm.dfy",T:U,2,0) -> 50 | Q7: =VLOOKUP(C7,Locs!A:C,3,0) -> 44 | R7: =VLOOKUP(C7,Locs!A:F,6,0) -> 1 | S7: =_xlfn.MINIFS(D:D,C:C,C7,E:E,1) -> 0 | T7: BubbleSort_3_llm.dfy | U7: 50
A8: 7 | B8: =C8&"-"&D8 -> BubbleSort.dfy-4 | C8: BubbleSort.dfy | D8: 4 | E8: 0 | F8: 11.4575 | G8: 4.2118 | H8: 11.4349 | I8: -1 | J8: 0 | K8: 0 | L8: =COUNTIFS(C:C,C8,E:E,1) -> 0 | M8: =_xlfn.MINIFS(D:D,C:C,C8,E:E,1) -> 0 | N8: =CHOOSE(L8+1,0,2/3,1,1) -> 0 | O8: =IF(L8>0,1,0) -> 0 | P8: =VLOOKUP(LEFT(C8,LEN(C8)-4)&"_"&D8&"_llm.dfy",T:U,2,0) -> 50 | Q8: =VLOOKUP(C8,Locs!A:C,3,0) -> 44 | R8: =VLOOKUP(C8,Locs!A:F,6,0) -> 1 | S8: =_xlfn.MINIFS(D:D,C:C,C8,E:E,1) -> 0 | T8: BubbleSort_4_llm.dfy | U8: 50
A9: 8 | B9: =C9&"-"&D9 -> BubbleSort.dfy-5 | C9: BubbleSort.dfy | D9: 5 | E9: 0 | F9: 10.5545 | G9: 2.4522 | H9: 10.5525 | I9: -1 | J9: 0 | K9: 0 | L9: =COUNTIFS(C:C,C9,E:E,1) -> 0 | M9: =_xlfn.MINIFS(D:D,C:C,C9,E:E,1) -> 0 | N9: =CHOOSE(L9+1,0,2/3,1,1) -> 0 | O9: =IF(L9>0,1,0) -> 0 | P9: =VLOOKUP(LEFT(C9,LEN(C9)-4)&"_"&D9&"_llm.dfy",T:U,2,0) -> 46 | Q9: =VLOOKUP(C9,Locs!A:C,3,0) -> 44 | R9: =VLOOKUP(C9,Locs!A:F,6,0) -> 1 | S9: =_xlfn.MINIFS(D:D,C:C,C9,E:E,1) -> 0 | T9: BubbleSort_5_llm.dfy | U9: 46
A10: 9 | B10: =C10&"-"&D10 -> Catalan.dfy-1 | C10: Catalan.dfy | D10: 1 | E10: 1 | F10: 5.47 | G10: 0.7243 | H10: 5.4676 | I10: 1 | J10: 1 | K10: 1 | L10: =COUNTIFS(C:C,C10,E:E,1) -> 3 | M10: =_xlfn.MINIFS(D:D,C:C,C10,E:E,1) -> 1 | N10: =CHOOSE(L10+1,0,2/3,1,1) -> 1 | O10: =IF(L10>0,1,0) -> 1 | P10: =VLOOKUP(LEFT(C10,LEN(C10)-4)&"_"&D10&"_llm.dfy",T:U,2,0) -> 30 | Q10: =VLOOKUP(C10,Locs!A:C,3,0) -> 28 | R10: =VLOOKUP(C10,Locs!A:F,6,0) -> 0 | S10: =_xlfn.MINIFS(D:D,C:C,C10,E:E,1) -> 1 | T10: Catalan_1_llm.dfy | U10: 30
A11: 10 | B11: =C11&"-"&D11 -> Catalan.dfy-2 | C11: Catalan.dfy | D11: 2 | E11: 1 | F11: 5.7983 | G11: 0.7238 | H11: 5.7967 | I11: 1 | J11: 1 | K11: 1 | L11: =COUNTIFS(C:C,C11,E:E,1) -> 3 | M11: =_xlfn.MINIFS(D:D,C:C,C11,E:E,1) -> 1 | N11: =CHOOSE(L11+1,0,2/3,1,1) -> 1 | O11: =IF(L11>0,1,0) -> 1 | P11: =VLOOKUP(LEFT(C11,LEN(C11)-4)&"_"&D11&"_llm.dfy",T:U,2,0) -> 30 | Q11: =VLOOKUP(C11,Locs!A:C,3,0) -> 28 | R11: =VLOOKUP(C11,Locs!A:F,6,0) -> 0 | S11: =_xlfn.MINIFS(D:D,C:C,C11,E:E,1) -> 1 | T11: Catalan_2_llm.dfy | U11: 30
A12: 11 | B12: =C12&"-"&D12 -> Catalan.dfy-3 | C12: Catalan.dfy | D12: 3 | E12: 1 | F12: 9.48 | G12: 0.7347 | H12: 9.4738 | I12: 1 | J12: 1 | K12: 1 | L12: =COUNTIFS(C:C,C12,E:E,1) -> 3 | M12: =_xlfn.MINIFS(D:D,C:C,C12,E:E,1) -> 1 | N12: =CHOOSE(L12+1,0,2/3,1,1) -> 1 | O12: =IF(L12>0,1,0) -> 1 | P12: =VLOOKUP(LEFT(C12,LEN(C12)-4)&"_"&D12&"_llm.dfy",T:U,2,0) -> 30 | Q12: =VLOOKUP(C12,Locs!A:C,3,0) -> 28 | R12: =VLOOKUP(C12,Locs!A:F,6,0) -> 0 | S12: =_xlfn.MINIFS(D:D,C:C,C12,E:E,1) -> 1 | T12: Catalan_3_llm.dfy | U12: 30
A13: 12 | B13: =C13&"-"&D13 -> CombNK.dfy-1 | C13: CombNK.dfy | D13: 1 | E13: 0 | F13: 9.2777 | G13: 1.7221 | H13: 9.2754 | I13: -1 | J13: 0 | K13: 0 | L13: =COUNTIFS(C:C,C13,E:E,1) -> 0 | M13: =_xlfn.MINIFS(D:D,C:C,C13,E:E,1) -> 0 | N13: =CHOOSE(L13+1,0,2/3,1,1) -> 0 | O13: =IF(L13>0,1,0) -> 0 | P13: =VLOOKUP(LEFT(C13,LEN(C13)-4)&"_"&D13&"_llm.dfy",T:U,2,0) -> 52 | Q13: =VLOOKUP(C13,Locs!A:C,3,0) -> 38 | R13: =VLOOKUP(C13,Locs!A:F,6,0) -> 0 | S13: =_xlfn.MINIFS(D:D,C:C,C13,E:E,1) -> 0 | T13: CombNK_1_llm.dfy | U13: 52
... A331: 330 | B331: =C331&"-"&D331 -> task_id_629.dfy-3 | C331: task_id_629.dfy | D331: 3 | E331: 1 | F331: 8.2612 | G331: 2.4806 | H331: 8.2567 | I331: 1 | J331: 1 | K331: 1 | L331: =COUNTIFS(C:C,C331,E:E,1) -> 3 | M331: =_xlfn.MINIFS(D:D,C:C,C331,E:E,1) -> 1 | N331: =CHOOSE(L331+1,0,2/3,1,1) -> 1 | O331: =IF(L331>0,1,0) -> 1 | P331: =VLOOKUP(LEFT(C331,LEN(C331)-4)&"_"&D331&"_llm.dfy",T:U,2,0) -> 45 | Q331: =VLOOKUP(C331,Locs!A:C,3,0) -> 49 | R331: =VLOOKUP(C331,Locs!A:F,6,0) -> 2 | S331: =_xlfn.MINIFS(D:D,C:C,C331,E:E,1) -> 1 | T331: task_id_62_5_llm.dfy | U331: 26
B332: =C332&"-"&D332 -> task_id_632.dfy-1 | C332: task_id_632.dfy | D332: 1 | E332: 0 | F332: 8.8456 | G332: 2.6992 | H332: 8.8228 | I332: 0 | J332: 0 | K332: 0 | L332: =COUNTIFS(C:C,C332,E:E,1) -> 0 | M332: =_xlfn.MINIFS(D:D,C:C,C332,E:E,1) -> 0 | N332: =CHOOSE(L332+1,0,2/3,1,1) -> 0 | O332: =IF(L332>0,1,0) -> 0 | P332: =VLOOKUP(LEFT(C332,LEN(C332)-4)&"_"&D332&"_llm.dfy",T:U,2,0) -> 53 | Q332: =VLOOKUP(C332,Locs!A:C,3,0) -> 48 | R332: =VLOOKUP(C332,Locs!A:F,6,0) -> 2 | S332: =_xlfn.MINIFS(D:D,C:C,C332,E:E,1) -> 0 | T332: task_id_632_1_llm.dfy | U332: 53
B333: =C333&"-"&D333 -> task_id_632.dfy-2 | C333: task_id_632.dfy | D333: 2 | E333: 0 | F333: 11.2195 | G333: 2.8043 | H333: 11.2167 | I333: 0 | J333: 0 | K333: 0 | L333: =COUNTIFS(C:C,C333,E:E,1) -> 0 | M333: =_xlfn.MINIFS(D:D,C:C,C333,E:E,1) -> 0 | N333: =CHOOSE(L333+1,0,2/3,1,1) -> 0 | O333: =IF(L333>0,1,0) -> 0 | P333: =VLOOKUP(LEFT(C333,LEN(C333)-4)&"_"&D333&"_llm.dfy",T:U,2,0) -> 53 | Q333: =VLOOKUP(C333,Locs!A:C,3,0) -> 48 | R333: =VLOOKUP(C333,Locs!A:F,6,0) -> 2 | S333: =_xlfn.MINIFS(D:D,C:C,C333,E:E,1) -> 0 | T333: task_id_632_2_llm.dfy | U333: 53
B334: =C334&"-"&D334 -> task_id_632.dfy-3 | C334: task_id_632.dfy | D334: 3 | E334: 0 | F334: 11.156 | G334: 2.6997 | H334: 11.1532 | I334: 0 | J334: 0 | K334: 0 | L334: =COUNTIFS(C:C,C334,E:E,1) -> 0 | M334: =_xlfn.MINIFS(D:D,C:C,C334,E:E,1) -> 0 | N334: =CHOOSE(L334+1,0,2/3,1,1) -> 0 | O334: =IF(L334>0,1,0) -> 0 | P334: =VLOOKUP(LEFT(C334,LEN(C334)-4)&"_"&D334&"_llm.dfy",T:U,2,0) -> 62 | Q334: =VLOOKUP(C334,Locs!A:C,3,0) -> 48 | R334: =VLOOKUP(C334,Locs!A:F,6,0) -> 2 | S334: =_xlfn.MINIFS(D:D,C:C,C334,E:E,1) -> 0 | T334: task_id_632_3_llm.dfy | U334: 62
B335: =C335&"-"&D335 -> task_id_632.dfy-4 | C335: task_id_632.dfy | D335: 4 | E335: 0 | F335: 10.2887 | G335: 13.4955 | H335: 10.2682 | I335: 0 | J335: 0 | K335: 0 | L335: =COUNTIFS(C:C,C335,E:E,1) -> 0 | M335: =_xlfn.MINIFS(D:D,C:C,C335,E:E,1) -> 0 | N335: =CHOOSE(L335+1,0,2/3,1,1) -> 0 | O335: =IF(L335>0,1,0) -> 0 | P335: =VLOOKUP(LEFT(C335,LEN(C335)-4)&"_"&D335&"_llm.dfy",T:U,2,0) -> 50 | Q335: =VLOOKUP(C335,Locs!A:C,3,0) -> 48 | R335: =VLOOKUP(C335,Locs!A:F,6,0) -> 2 | S335: =_xlfn.MINIFS(D:D,C:C,C335,E:E,1) -> 0 | T335: task_id_632_4_llm.dfy | U335: 50
B336: =C336&"-"&D336 -> task_id_632.dfy-5 | C336: task_id_632.dfy | D336: 5 | E336: 0 | F336: 12.8366 | G336: 1.9592 | H336: 12.8351 | I336: 0 | J336: 0 | K336: 0 | L336: =COUNTIFS(C:C,C336,E:E,1) -> 0 | M336: =_xlfn.MINIFS(D:D,C:C,C336,E:E,1) -> 0 | N336: =CHOOSE(L336+1,0,2/3,1,1) -> 0 | O336: =IF(L336>0,1,0) -> 0 | P336: =VLOOKUP(LEFT(C336,LEN(C336)-4)&"_"&D336&"_llm.dfy",T:U,2,0) -> 53 | Q336: =VLOOKUP(C336,Locs!A:C,3,0) -> 48 | R336: =VLOOKUP(C336,Locs!A:F,6,0) -> 2 | S336: =_xlfn.MINIFS(D:D,C:C,C336,E:E,1) -> 0 | T336: task_id_632_5_llm.dfy | U336: 53
B337: =C337&"-"&D337 -> task_id_644.dfy-1 | C337: task_id_644.dfy | D337: 1 | E337: 1 | F337: 8.1051 | G337: 1.3903 | H337: 8.0809 | I337: 1 | J337: 1 | K337: 1 | L337: =COUNTIFS(C:C,C337,E:E,1) -> 3 | M337: =_xlfn.MINIFS(D:D,C:C,C337,E:E,1) -> 1 | N337: =CHOOSE(L337+1,0,2/3,1,1) -> 1 | O337: =IF(L337>0,1,0) -> 1 | P337: =VLOOKUP(LEFT(C337,LEN(C337)-4)&"_"&D337&"_llm.dfy",T:U,2,0) -> 33 | Q337: =VLOOKUP(C337,Locs!A:C,3,0) -> 31 | R337: =VLOOKUP(C337,Locs!A:F,6,0) -> 0 | S337: =_xlfn.MINIFS(D:D,C:C,C337,E:E,1) -> 1 | T337: task_id_644_1_llm.dfy | U337: 33
B338: =C338&"-"&D338 -> task_id_644.dfy-2 | C338: task_id_644.dfy | D338: 2 | E338: 1 | F338: 6.7037 | G338: 1.4259 | H338: 6.7011 | I338: 1 | J338: 1 | K338: 1 | L338: =COUNTIFS(C:C,C338,E:E,1) -> 3 | M338: =_xlfn.MINIFS(D:D,C:C,C338,E:E,1) -> 1 | N338: =CHOOSE(L338+1,0,2/3,1,1) -> 1 | O338: =IF(L338>0,1,0) -> 1 | P338: =VLOOKUP(LEFT(C338,LEN(C338)-4)&"_"&D338&"_llm.dfy",T:U,2,0) -> 33 | Q338: =VLOOKUP(C338,Locs!A:C,3,0) -> 31 | R338: =VLOOKUP(C338,Locs!A:F,6,0) -> 0 | S338: =_xlfn.MINIFS(D:D,C:C,C338,E:E,1) -> 1 | T338: task_id_644_2_llm.dfy | U338: 33
B339: =C339&"-"&D339 -> task_id_644.dfy-3 | C339: task_id_644.dfy | D339: 3 | E339: 1 | F339: 6.703 | G339: 1.3257 | H339: 6.7005 | I339: 1 | J339: 1 | K339: 1 | L339: =COUNTIFS(C:C,C339,E:E,1) -> 3 | M339: =_xlfn.MINIFS(D:D,C:C,C339,E:E,1) -> 1 | N339: =CHOOSE(L339+1,0,2/3,1,1) -> 1 | O339: =IF(L339>0,1,0) -> 1 | P339: =VLOOKUP(LEFT(C339,LEN(C339)-4)&"_"&D339&"_llm.dfy",T:U,2,0) -> 33 | Q339: =VLOOKUP(C339,Locs!A:C,3,0) -> 31 | R339: =VLOOKUP(C339,Locs!A:F,6,0) -> 0 | S339: =_xlfn.MINIFS(D:D,C:C,C339,E:E,1) -> 1 | T339: task_id_644_3_llm.dfy | U339: 33
B340: =C340&"-"&D340 -> task_id_69.dfy-1 | C340: task_id_69.dfy | D340: 1 | E340: 1 | F340: 5.6912 | G340: 1.3566 | H340: 5.6747 | I340: 1 | J340: 1 | K340: 1 | L340: =COUNTIFS(C:C,C340,E:E,1) -> 3 | M340: =_xlfn.MINIFS(D:D,C:C,C340,E:E,1) -> 1 | N340: =CHOOSE(L340+1,0,2/3,1,1) -> 1 | O340: =IF(L340>0,1,0) -> 1 | P340: =VLOOKUP(LEFT(C340,LEN(C340)-4)&"_"&D340&"_llm.dfy",T:U,2,0) -> 27 | Q340: =VLOOKUP(C340,Locs!A:C,3,0) -> 27 | R340: =VLOOKUP(C340,Locs!A:F,6,0) -> 0 | S340: =_xlfn.MINIFS(D:D,C:C,C340,E:E,1) -> 1 | T340: task_id_69_1_llm.dfy | U340: 27
B341: =C341&"-"&D341 -> task_id_69.dfy-2 | C341: task_id_69.dfy | D341: 2 | E341: 1 | F341: 5.5762 | G341: 1.0916 | H341: 5.5733 | I341: 1 | J341: 1 | K341: 1 | L341: =COUNTIFS(C:C,C341,E:E,1) -> 3 | M341: =_xlfn.MINIFS(D:D,C:C,C341,E:E,1) -> 1 | N341: =CHOOSE(L341+1,0,2/3,1,1) -> 1 | O341: =IF(L341>0,1,0) -> 1 | P341: =VLOOKUP(LEFT(C341,LEN(C341)-4)&"_"&D341&"_llm.dfy",T:U,2,0) -> 27 | Q341: =VLOOKUP(C341,Locs!A:C,3,0) -> 27 | R341: =VLOOKUP(C341,Locs!A:F,6,0) -> 0 | S341: =_xlfn.MINIFS(D:D,C:C,C341,E:E,1) -> 1 | T341: task_id_69_2_llm.dfy | U341: 27
B342: =C342&"-"&D342 -> task_id_69.dfy-3 | C342: task_id_69.dfy | D342: 3 | E342: 1 | F342: 6.0927 | G342: 1.0891 | H342: 6.0899 | I342: 1 | J342: 1 | K342: 1 | L342: =COUNTIFS(C:C,C342,E:E,1) -> 3 | M342: =_xlfn.MINIFS(D:D,C:C,C342,E:E,1) -> 1 | N342: =CHOOSE(L342+1,0,2/3,1,1) -> 1 | O342: =IF(L342>0,1,0) -> 1 | P342: =VLOOKUP(LEFT(C342,LEN(C342)-4)&"_"&D342&"_llm.dfy",T:U,2,0) -> 27 | Q342: =VLOOKUP(C342,Locs!A:C,3,0) -> 27 | R342: =VLOOKUP(C342,Locs!A:F,6,0) -> 0 | S342: =_xlfn.MINIFS(D:D,C:C,C342,E:E,1) -> 1 | T342: task_id_69_3_llm.dfy | U342: 27
B343: =C343&"-"&D343 -> task_id_70.dfy-1 | C343: task_id_70.dfy | D343: 1 | E343: 0 | F343: 6.1783 | G343: 1.1777 | H343: 6.1579 | I343: 1 | J343: 0 | K343: 0 | L343: =COUNTIFS(C:C,C343,E:E,1) -> 0 | M343: =_xlfn.MINIFS(D:D,C:C,C343,E:E,1) -> 0 | N343: =CHOOSE(L343+1,0,2/3,1,1) -> 0 | O343: =IF(L343>0,1,0) -> 0 | P343: =VLOOKUP(LEFT(C343,LEN(C343)-4)&"_"&D343&"_llm.dfy",T:U,2,0) -> 27 | Q343: =VLOOKUP(C343,Locs!A:C,3,0) -> 28 | R343: =VLOOKUP(C343,Locs!A:F,6,0) -> 1 | S343: =_xlfn.MINIFS(D:D,C:C,C343,E:E,1) -> 0 | T343: task_id_70_1_llm.dfy | U343: 27
... B443: =C443&"-"&D443 -> task_id_95.dfy-5 | C443: task_id_95.dfy | D443: 5 | E443: 0 | F443: 5.7014 | G443: 1.2392 | H443: 5.6991 | I443: 1 | J443: 0 | K443: 0 | L443: =COUNTIFS(C:C,C443,E:E,1) -> 0 | M443: =_xlfn.MINIFS(D:D,C:C,C443,E:E,1) -> 0 | N443: =CHOOSE(L443+1,0,2/3,1,1) -> 0 | O443: =IF(L443>0,1,0) -> 0 | P443: =VLOOKUP(LEFT(C443,LEN(C443)-4)&"_"&D443&"_llm.dfy",T:U,2,0) -> 26 | Q443: =VLOOKUP(C443,Locs!A:C,3,0) -> 32 | R443: =VLOOKUP(C443,Locs!A:F,6,0) -> 6 | S443: =_xlfn.MINIFS(D:D,C:C,C443,E:E,1) -> 0 | T443: task_id_95_5_llm.dfy | U443: 26

Sheet Results_ClaudeOpus4.5T0
A1: Ordering | B1: Key | C1: Filename | D1: Attempt | E1: Success | F1: Time Gen | G1: Time Ver | H1: Time API Call | I1: Success Merged Original | J1: Success Raw | K1: Success Postprocessed | L1: C | M1: Attempts to Success | N1: 2 | O1: 3 | P1: LOC llm | Q1: LOC man | R1: Helpers + lemmas | S1: n to pass | T1: File | U1: LOC
A2: 1 | B2: =C2&"-"&D2 -> BinarySearch.dfy-1 | C2: BinarySearch.dfy | D2: 1 | E2: 1 | F2: 8.0322 | G2: 1.618 | H2: 8.026 | I2: 1 | J2: 1 | K2: 1 | L2: =COUNTIFS(C:C,C2,E:E,1) -> 1 | M2: =_xlfn.MINIFS(D:D,C:C,C2,E:E,1) -> 1 | N2: =CHOOSE(L2+1,0,2/3,1,1) -> 0.66666667 | O2: =IF(L2>0,1,0) -> 1 | P2: =VLOOKUP(LEFT(C2,LEN(C2)-4)&"_"&D2&"_llm.dfy",T:U,2,0) -> 47 | Q2: =VLOOKUP(C2,Locs!A:C,3,0) -> 38 | R2: =VLOOKUP(C2,Locs!A:F,6,0) -> 0 | S2: =_xlfn.MINIFS(D:D,C:C,C2,E:E,1) -> 1 | T2: BinarySearch_1_llm.dfy | U2: 47
A3: 2 | B3: =C3&"-"&D3 -> BubbleSort.dfy-1 | C3: BubbleSort.dfy | D3: 1 | E3: 0 | F3: 8.4695 | G3: 3.1899 | H3: 8.4664 | I3: -1 | J3: 0 | K3: 0 | L3: =COUNTIFS(C:C,C3,E:E,1) -> 0 | M3: =_xlfn.MINIFS(D:D,C:C,C3,E:E,1) -> 0 | N3: =CHOOSE(L3+1,0,2/3,1,1) -> 0 | O3: =IF(L3>0,1,0) -> 0 | P3: =VLOOKUP(LEFT(C3,LEN(C3)-4)&"_"&D3&"_llm.dfy",T:U,2,0) -> 50 | Q3: =VLOOKUP(C3,Locs!A:C,3,0) -> 44 | R3: =VLOOKUP(C3,Locs!A:F,6,0) -> 1 | S3: =_xlfn.MINIFS(D:D,C:C,C3,E:E,1) -> 0 | T3: BubbleSort_1_llm.dfy | U3: 50
A4: 3 | B4: =C4&"-"&D4 -> BubbleSort.dfy-2 | C4: BubbleSort.dfy | D4: 2 | E4: 0 | F4: 10.0118 | G4: 1.9507 | H4: 10.0103 | I4: -1 | J4: 0 | K4: 0 | L4: =COUNTIFS(C:C,C4,E:E,1) -> 0 | M4: =_xlfn.MINIFS(D:D,C:C,C4,E:E,1) -> 0 | N4: =CHOOSE(L4+1,0,2/3,1,1) -> 0 | O4: =IF(L4>0,1,0) -> 0 | P4: =VLOOKUP(LEFT(C4,LEN(C4)-4)&"_"&D4&"_llm.dfy",T:U,2,0) -> 52 | Q4: =VLOOKUP(C4,Locs!A:C,3,0) -> 44 | R4: =VLOOKUP(C4,Locs!A:F,6,0) -> 1 | S4: =_xlfn.MINIFS(D:D,C:C,C4,E:E,1) -> 0 | T4: BubbleSort_2_llm.dfy | U4: 52
A5: 4 | B5: =C5&"-"&D5 -> BubbleSort.dfy-3 | C5: BubbleSort.dfy | D5: 3 | E5: 0 | F5: 9.7688 | G5: 1.9624 | H5: 9.7621 | I5: -1 | J5: 0 | K5: 0 | L5: =COUNTIFS(C:C,C5,E:E,1) -> 0 | M5: =_xlfn.MINIFS(D:D,C:C,C5,E:E,1) -> 0 | N5: =CHOOSE(L5+1,0,2/3,1,1) -> 0 | O5: =IF(L5>0,1,0) -> 0 | P5: =VLOOKUP(LEFT(C5,LEN(C5)-4)&"_"&D5&"_llm.dfy",T:U,2,0) -> 52 | Q5: =VLOOKUP(C5,Locs!A:C,3,0) -> 44 | R5: =VLOOKUP(C5,Locs!A:F,6,0) -> 1 | S5: =_xlfn.MINIFS(D:D,C:C,C5,E:E,1) -> 0 | T5: BubbleSort_3_llm.dfy | U5: 52
A6: 5 | B6: =C6&"-"&D6 -> BubbleSort.dfy-4 | C6: BubbleSort.dfy | D6: 4 | E6: 0 | F6: 10.9235 | G6: 2.5396 | H6: 10.9223 | I6: -1 | J6: 0 | K6: 0 | L6: =COUNTIFS(C:C,C6,E:E,1) -> 0 | M6: =_xlfn.MINIFS(D:D,C:C,C6,E:E,1) -> 0 | N6: =CHOOSE(L6+1,0,2/3,1,1) -> 0 | O6: =IF(L6>0,1,0) -> 0 | P6: =VLOOKUP(LEFT(C6,LEN(C6)-4)&"_"&D6&"_llm.dfy",T:U,2,0) -> 50 | Q6: =VLOOKUP(C6,Locs!A:C,3,0) -> 44 | R6: =VLOOKUP(C6,Locs!A:F,6,0) -> 1 | S6: =_xlfn.MINIFS(D:D,C:C,C6,E:E,1) -> 0 | T6: BubbleSort_4_llm.dfy | U6: 50
A7: 6 | B7: =C7&"-"&D7 -> BubbleSort.dfy-5 | C7: BubbleSort.dfy | D7: 5 | E7: 0 | F7: 10.9743 | G7: 2.5306 | H7: 10.973 | I7: -1 | J7: 0 | K7: 0 | L7: =COUNTIFS(C:C,C7,E:E,1) -> 0 | M7: =_xlfn.MINIFS(D:D,C:C,C7,E:E,1) -> 0 | N7: =CHOOSE(L7+1,0,2/3,1,1) -> 0 | O7: =IF(L7>0,1,0) -> 0 | P7: =VLOOKUP(LEFT(C7,LEN(C7)-4)&"_"&D7&"_llm.dfy",T:U,2,0) -> 50 | Q7: =VLOOKUP(C7,Locs!A:C,3,0) -> 44 | R7: =VLOOKUP(C7,Locs!A:F,6,0) -> 1 | S7: =_xlfn.MINIFS(D:D,C:C,C7,E:E,1) -> 0 | T7: BubbleSort_5_llm.dfy | U7: 50
A8: 7 | B8: =C8&"-"&D8 -> Catalan.dfy-1 | C8: Catalan.dfy | D8: 1 | E8: 1 | F8: 5.4454 | G8: 0.728 | H8: 5.4115 | I8: 1 | J8: 1 | K8: 1 | L8: =COUNTIFS(C:C,C8,E:E,1) -> 1 | M8: =_xlfn.MINIFS(D:D,C:C,C8,E:E,1) -> 1 | N8: =CHOOSE(L8+1,0,2/3,1,1) -> 0.66666667 | O8: =IF(L8>0,1,0) -> 1 | P8: =VLOOKUP(LEFT(C8,LEN(C8)-4)&"_"&D8&"_llm.dfy",T:U,2,0) -> 30 | Q8: =VLOOKUP(C8,Locs!A:C,3,0) -> 28 | R8: =VLOOKUP(C8,Locs!A:F,6,0) -> 0 | S8: =_xlfn.MINIFS(D:D,C:C,C8,E:E,1) -> 1 | T8: Catalan_1_llm.dfy | U8: 30
A9: 8 | B9: =C9&"-"&D9 -> CombNK.dfy-1 | C9: CombNK.dfy | D9: 1 | E9: 0 | F9: 8.8938 | G9: 0.8114 | H9: 8.8689 | I9: -1 | J9: 0 | K9: 0 | L9: =COUNTIFS(C:C,C9,E:E,1) -> 0 | M9: =_xlfn.MINIFS(D:D,C:C,C9,E:E,1) -> 0 | N9: =CHOOSE(L9+1,0,2/3,1,1) -> 0 | O9: =IF(L9>0,1,0) -> 0 | P9: =VLOOKUP(LEFT(C9,LEN(C9)-4)&"_"&D9&"_llm.dfy",T:U,2,0) -> 40 | Q9: =VLOOKUP(C9,Locs!A:C,3,0) -> 38 | R9: =VLOOKUP(C9,Locs!A:F,6,0) -> 0 | S9: =_xlfn.MINIFS(D:D,C:C,C9,E:E,1) -> 0 | T9: CombNK_1_llm.dfy | U9: 40
A10: 9 | B10: =C10&"-"&D10 -> CombNK.dfy-2 | C10: CombNK.dfy | D10: 2 | E10: 0 | F10: 8.1422 | G10: 0.7708 | H10: 8.1357 | I10: -1 | J10: 0 | K10: 0 | L10: =COUNTIFS(C:C,C10,E:E,1) -> 0 | M10: =_xlfn.MINIFS(D:D,C:C,C10,E:E,1) -> 0 | N10: =CHOOSE(L10+1,0,2/3,1,1) -> 0 | O10: =IF(L10>0,1,0) -> 0 | P10: =VLOOKUP(LEFT(C10,LEN(C10)-4)&"_"&D10&"_llm.dfy",T:U,2,0) -> 40 | Q10: =VLOOKUP(C10,Locs!A:C,3,0) -> 38 | R10: =VLOOKUP(C10,Locs!A:F,6,0) -> 0 | S10: =_xlfn.MINIFS(D:D,C:C,C10,E:E,1) -> 0 | T10: CombNK_2_llm.dfy | U10: 40
A11: 10 | B11: =C11&"-"&D11 -> CombNK.dfy-3 | C11: CombNK.dfy | D11: 3 | E11: 0 | F11: 8.1184 | G11: 0.7884 | H11: 8.1126 | I11: -1 | J11: 0 | K11: 0 | L11: =COUNTIFS(C:C,C11,E:E,1) -> 0 | M11: =_xlfn.MINIFS(D:D,C:C,C11,E:E,1) -> 0 | N11: =CHOOSE(L11+1,0,2/3,1,1) -> 0 | O11: =IF(L11>0,1,0) -> 0 | P11: =VLOOKUP(LEFT(C11,LEN(C11)-4)&"_"&D11&"_llm.dfy",T:U,2,0) -> 40 | Q11: =VLOOKUP(C11,Locs!A:C,3,0) -> 38 | R11: =VLOOKUP(C11,Locs!A:F,6,0) -> 0 | S11: =_xlfn.MINIFS(D:D,C:C,C11,E:E,1) -> 0 | T11: CombNK_3_llm.dfy | U11: 40
A12: 11 | B12: =C12&"-"&D12 -> CombNK.dfy-4 | C12: CombNK.dfy | D12: 4 | E12: 0 | F12: 11.4738 | G12: 1.7035 | H12: 11.467 | I12: -1 | J12: 0 | K12: 0 | L12: =COUNTIFS(C:C,C12,E:E,1) -> 0 | M12: =_xlfn.MINIFS(D:D,C:C,C12,E:E,1) -> 0 | N12: =CHOOSE(L12+1,0,2/3,1,1) -> 0 | O12: =IF(L12>0,1,0) -> 0 | P12: =VLOOKUP(LEFT(C12,LEN(C12)-4)&"_"&D12&"_llm.dfy",T:U,2,0) -> 44 | Q12: =VLOOKUP(C12,Locs!A:C,3,0) -> 38 | R12: =VLOOKUP(C12,Locs!A:F,6,0) -> 0 | S12: =_xlfn.MINIFS(D:D,C:C,C12,E:E,1) -> 0 | T12: CombNK_4_llm.dfy | U12: 44
A13: 12 | B13: =C13&"-"&D13 -> CombNK.dfy-5 | C13: CombNK.dfy | D13: 5 | E13: 0 | F13: 10.552 | G13: 1.6973 | H13: 10.5437 | I13: -1 | J13: 0 | K13: 0 | L13: =COUNTIFS(C:C,C13,E:E,1) -> 0 | M13: =_xlfn.MINIFS(D:D,C:C,C13,E:E,1) -> 0 | N13: =CHOOSE(L13+1,0,2/3,1,1) -> 0 | O13: =IF(L13>0,1,0) -> 0 | P13: =VLOOKUP(LEFT(C13,LEN(C13)-4)&"_"&D13&"_llm.dfy",T:U,2,0) -> 44 | Q13: =VLOOKUP(C13,Locs!A:C,3,0) -> 38 | R13: =VLOOKUP(C13,Locs!A:F,6,0) -> 0 | S13: =_xlfn.MINIFS(D:D,C:C,C13,E:E,1) -> 0 | T13: CombNK_5_llm.dfy | U13: 44
... A331: 330 | B331: =C331&"-"&D331 -> task_id_809.dfy-5 | C331: task_id_809.dfy | D331: 5 | E331: 0 | F331: 5.505 | G331: 1.2432 | H331: 5.5013 | I331: 1 | J331: 0 | K331: 0 | L331: =COUNTIFS(C:C,C331,E:E,1) -> 0 | M331: =_xlfn.MINIFS(D:D,C:C,C331,E:E,1) -> 0 | N331: =CHOOSE(L331+1,0,2/3,1,1) -> 0 | O331: =IF(L331>0,1,0) -> 0 | P331: =VLOOKUP(LEFT(C331,LEN(C331)-4)&"_"&D331&"_llm.dfy",T:U,2,0) -> 27 | Q331: =VLOOKUP(C331,Locs!A:C,3,0) -> 29 | R331: =VLOOKUP(C331,Locs!A:F,6,0) -> 2 | S331: =_xlfn.MINIFS(D:D,C:C,C331,E:E,1) -> 0 | T331: task_id_8_1_llm.dfy | U331: 23
B332: =C332&"-"&D332 -> task_id_95.dfy-1 | C332: task_id_95.dfy | D332: 1 | E332: 0 | F332: 7.6421 | G332: 1.2456 | H332: 7.6205 | I332: 1 | J332: 0 | K332: 0 | L332: =COUNTIFS(C:C,C332,E:E,1) -> 0 | M332: =_xlfn.MINIFS(D:D,C:C,C332,E:E,1) -> 0 | N332: =CHOOSE(L332+1,0,2/3,1,1) -> 0 | O332: =IF(L332>0,1,0) -> 0 | P332: =VLOOKUP(LEFT(C332,LEN(C332)-4)&"_"&D332&"_llm.dfy",T:U,2,0) -> 26 | Q332: =VLOOKUP(C332,Locs!A:C,3,0) -> 32 | R332: =VLOOKUP(C332,Locs!A:F,6,0) -> 6 | S332: =_xlfn.MINIFS(D:D,C:C,C332,E:E,1) -> 0 | T332: task_id_95_1_llm.dfy | U332: 26
B333: =C333&"-"&D333 -> task_id_95.dfy-2 | C333: task_id_95.dfy | D333: 2 | E333: 0 | F333: 5.664 | G333: 1.3089 | H333: 5.6616 | I333: 1 | J333: 0 | K333: 0 | L333: =COUNTIFS(C:C,C333,E:E,1) -> 0 | M333: =_xlfn.MINIFS(D:D,C:C,C333,E:E,1) -> 0 | N333: =CHOOSE(L333+1,0,2/3,1,1) -> 0 | O333: =IF(L333>0,1,0) -> 0 | P333: =VLOOKUP(LEFT(C333,LEN(C333)-4)&"_"&D333&"_llm.dfy",T:U,2,0) -> 26 | Q333: =VLOOKUP(C333,Locs!A:C,3,0) -> 32 | R333: =VLOOKUP(C333,Locs!A:F,6,0) -> 6 | S333: =_xlfn.MINIFS(D:D,C:C,C333,E:E,1) -> 0 | T333: task_id_95_2_llm.dfy | U333: 26
B334: =C334&"-"&D334 -> task_id_95.dfy-3 | C334: task_id_95.dfy | D334: 3 | E334: 0 | F334: 5.7711 | G334: 1.2659 | H334: 5.7632 | I334: 1 | J334: 0 | K334: 0 | L334: =COUNTIFS(C:C,C334,E:E,1) -> 0 | M334: =_xlfn.MINIFS(D:D,C:C,C334,E:E,1) -> 0 | N334: =CHOOSE(L334+1,0,2/3,1,1) -> 0 | O334: =IF(L334>0,1,0) -> 0 | P334: =VLOOKUP(LEFT(C334,LEN(C334)-4)&"_"&D334&"_llm.dfy",T:U,2,0) -> 26 | Q334: =VLOOKUP(C334,Locs!A:C,3,0) -> 32 | R334: =VLOOKUP(C334,Locs!A:F,6,0) -> 6 | S334: =_xlfn.MINIFS(D:D,C:C,C334,E:E,1) -> 0 | T334: task_id_95_3_llm.dfy | U334: 26
B335: =C335&"-"&D335 -> task_id_95.dfy-4 | C335: task_id_95.dfy | D335: 4 | E335: 0 | F335: 5.8324 | G335: 1.2792 | H335: 5.8297 | I335: 1 | J335: 0 | K335: 0 | L335: =COUNTIFS(C:C,C335,E:E,1) -> 0 | M335: =_xlfn.MINIFS(D:D,C:C,C335,E:E,1) -> 0 | N335: =CHOOSE(L335+1,0,2/3,1,1) -> 0 | O335: =IF(L335>0,1,0) -> 0 | P335: =VLOOKUP(LEFT(C335,LEN(C335)-4)&"_"&D335&"_llm.dfy",T:U,2,0) -> 26 | Q335: =VLOOKUP(C335,Locs!A:C,3,0) -> 32 | R335: =VLOOKUP(C335,Locs!A:F,6,0) -> 6 | S335: =_xlfn.MINIFS(D:D,C:C,C335,E:E,1) -> 0 | T335: task_id_95_4_llm.dfy | U335: 26
B336: =C336&"-"&D336 -> task_id_95.dfy-5 | C336: task_id_95.dfy | D336: 5 | E336: 0 | F336: 5.783 | G336: 1.3344 | H336: 5.7751 | I336: 1 | J336: 0 | K336: 0 | L336: =COUNTIFS(C:C,C336,E:E,1) -> 0 | M336: =_xlfn.MINIFS(D:D,C:C,C336,E:E,1) -> 0 | N336: =CHOOSE(L336+1,0,2/3,1,1) -> 0 | O336: =IF(L336>0,1,0) -> 0 | P336: =VLOOKUP(LEFT(C336,LEN(C336)-4)&"_"&D336&"_llm.dfy",T:U,2,0) -> 26 | Q336: =VLOOKUP(C336,Locs!A:C,3,0) -> 32 | R336: =VLOOKUP(C336,Locs!A:F,6,0) -> 6 | S336: =_xlfn.MINIFS(D:D,C:C,C336,E:E,1) -> 0 | T336: task_id_95_5_llm.dfy | U336: 26

Sheet Results_GPT5.2Low
A1: Ordering | B1: Key | C1: Filename | D1: Attempt | E1: Success | F1: Time Gen | G1: Time Ver | H1: Time API Call | I1: Success Merged Original | J1: Success Raw | K1: Success Postprocessed | L1: C | M1: Attempts to Success | N1: pass@2 | O1: pass@3 | P1: LOC llm | Q1: LOC man | R1: Helpers + lemmas | S1: File | T1: LOC
A2: 1 | B2: =C2&"-"&D2 -> BinarySearch.dfy-1 | C2: BinarySearch.dfy | D2: 1 | E2: 1 | F2: 13.3909 | G2: 2.2487 | H2: 13.3728 | I2: 1 | J2: 1 | K2: 1 | L2: =COUNTIFS(C:C,C2,E:E,1) -> 3 | M2: =_xlfn.MINIFS(D:D,C:C,C2,E:E,1) -> 1 | N2: =CHOOSE(L2+1,0,2/3,1,1) -> 1 | O2: =IF(L2>0,1,0) -> 1 | P2: =VLOOKUP(LEFT(C2,LEN(C2)-4)&"_"&D2&"_llm.dfy",S:T,2,0) -> 44 | Q2: =VLOOKUP(C2,Locs!A:C,3,0) -> 38 | R2: =VLOOKUP(C2,Locs!A:F,6,0) -> 0 | S2: BinarySearch_1_llm.dfy | T2: 44
A3: 2 | B3: =C3&"-"&D3 -> BinarySearch.dfy-2 | C3: BinarySearch.dfy | D3: 2 | E3: 1 | F3: 8.5129 | G3: 2.2428 | H3: 8.5107 | I3: 1 | J3: 1 | K3: 1 | L3: =COUNTIFS(C:C,C3,E:E,1) -> 3 | M3: =_xlfn.MINIFS(D:D,C:C,C3,E:E,1) -> 1 | N3: =CHOOSE(L3+1,0,2/3,1,1) -> 1 | O3: =IF(L3>0,1,0) -> 1 | P3: =VLOOKUP(LEFT(C3,LEN(C3)-4)&"_"&D3&"_llm.dfy",S:T,2,0) -> 43 | Q3: =VLOOKUP(C3,Locs!A:C,3,0) -> 38 | R3: =VLOOKUP(C3,Locs!A:F,6,0) -> 0 | S3: BinarySearch_2_llm.dfy | T3: 43
A4: 3 | B4: =C4&"-"&D4 -> BinarySearch.dfy-3 | C4: BinarySearch.dfy | D4: 3 | E4: 1 | F4: 6.5352 | G4: 1.6851 | H4: 6.5329 | I4: 1 | J4: 1 | K4: 1 | L4: =COUNTIFS(C:C,C4,E:E,1) -> 3 | M4: =_xlfn.MINIFS(D:D,C:C,C4,E:E,1) -> 1 | N4: =CHOOSE(L4+1,0,2/3,1,1) -> 1 | O4: =IF(L4>0,1,0) -> 1 | P4: =VLOOKUP(LEFT(C4,LEN(C4)-4)&"_"&D4&"_llm.dfy",S:T,2,0) -> 46 | Q4: =VLOOKUP(C4,Locs!A:C,3,0) -> 38 | R4: =VLOOKUP(C4,Locs!A:F,6,0) -> 0 | S4: BinarySearch_3_llm.dfy | T4: 46
A5: 4 | B5: =C5&"-"&D5 -> BubbleSort.dfy-1 | C5: BubbleSort.dfy | D5: 1 | E5: 0 | F5: 96.9746 | G5: 3.6411 | H5: 96.9528 | I5: -1 | J5: 0 | K5: 0 | L5: =COUNTIFS(C:C,C5,E:E,1) -> 0 | M5: =_xlfn.MINIFS(D:D,C:C,C5,E:E,1) -> 0 | N5: =CHOOSE(L5+1,0,2/3,1,1) -> 0 | O5: =IF(L5>0,1,0) -> 0 | P5: =VLOOKUP(LEFT(C5,LEN(C5)-4)&"_"&D5&"_llm.dfy",S:T,2,0) -> 98 | Q5: =VLOOKUP(C5,Locs!A:C,3,0) -> 44 | R5: =VLOOKUP(C5,Locs!A:F,6,0) -> 1 | S5: BubbleSort_1_llm.dfy | T5: 98
A6: 5 | B6: =C6&"-"&D6 -> BubbleSort.dfy-2 | C6: BubbleSort.dfy | D6: 2 | E6: 0 | F6: 101.0192 | G6: 2.4527 | H6: 101.0111 | I6: -1 | J6: 0 | K6: 0 | L6: =COUNTIFS(C:C,C6,E:E,1) -> 0 | M6: =_xlfn.MINIFS(D:D,C:C,C6,E:E,1) -> 0 | N6: =CHOOSE(L6+1,0,2/3,1,1) -> 0 | O6: =IF(L6>0,1,0) -> 0 | P6: =VLOOKUP(LEFT(C6,LEN(C6)-4)&"_"&D6&"_llm.dfy",S:T,2,0) -> 146 | Q6: =VLOOKUP(C6,Locs!A:C,3,0) -> 44 | R6: =VLOOKUP(C6,Locs!A:F,6,0) -> 1 | S6: BubbleSort_2_llm.dfy | T6: 146
A7: 6 | B7: =C7&"-"&D7 -> BubbleSort.dfy-3 | C7: BubbleSort.dfy | D7: 3 | E7: 0 | F7: 95.0839 | G7: 2.7174 | H7: 95.0817 | I7: -1 | J7: 0 | K7: 0 | L7: =COUNTIFS(C:C,C7,E:E,1) -> 0 | M7: =_xlfn.MINIFS(D:D,C:C,C7,E:E,1) -> 0 | N7: =CHOOSE(L7+1,0,2/3,1,1) -> 0 | O7: =IF(L7>0,1,0) -> 0 | P7: =VLOOKUP(LEFT(C7,LEN(C7)-4)&"_"&D7&"_llm.dfy",S:T,2,0) -> 183 | Q7: =VLOOKUP(C7,Locs!A:C,3,0) -> 44 | R7: =VLOOKUP(C7,Locs!A:F,6,0) -> 1 | S7: BubbleSort_3_llm.dfy | T7: 183
A8: 7 | B8: =C8&"-"&D8 -> BubbleSort.dfy-4 | C8: BubbleSort.dfy | D8: 4 | E8: -1 | F8: 207.4272 | G8: 0.4236 | H8: 207.4196 | I8: -1 | J8: -1 | K8: -1 | L8: =COUNTIFS(C:C,C8,E:E,1) -> 0 | M8: =_xlfn.MINIFS(D:D,C:C,C8,E:E,1) -> 0 | N8: =CHOOSE(L8+1,0,2/3,1,1) -> 0 | O8: =IF(L8>0,1,0) -> 0 | P8: =VLOOKUP(LEFT(C8,LEN(C8)-4)&"_"&D8&"_llm.dfy",S:T,2,0) -> 192 | Q8: =VLOOKUP(C8,Locs!A:C,3,0) -> 44 | R8: =VLOOKUP(C8,Locs!A:F,6,0) -> 1 | S8: BubbleSort_4_llm.dfy | T8: 192
A9: 8 | B9: =C9&"-"&D9 -> BubbleSort.dfy-5 | C9: BubbleSort.dfy | D9: 5 | E9: 0 | F9: 117.9149 | G9: 2.3608 | H9: 117.9127 | I9: -1 | J9: 0 | K9: 0 | L9: =COUNTIFS(C:C,C9,E:E,1) -> 0 | M9: =_xlfn.MINIFS(D:D,C:C,C9,E:E,1) -> 0 | N9: =CHOOSE(L9+1,0,2/3,1,1) -> 0 | O9: =IF(L9>0,1,0) -> 0 | P9: =VLOOKUP(LEFT(C9,LEN(C9)-4)&"_"&D9&"_llm.dfy",S:T,2,0) -> 56 | Q9: =VLOOKUP(C9,Locs!A:C,3,0) -> 44 | R9: =VLOOKUP(C9,Locs!A:F,6,0) -> 1 | S9: BubbleSort_5_llm.dfy | T9: 56
A10: 9 | B10: =C10&"-"&D10 -> Catalan.dfy-1 | C10: Catalan.dfy | D10: 1 | E10: 1 | F10: 30.7428 | G10: 2.2412 | H10: 30.7227 | I10: 1 | J10: 1 | K10: 1 | L10: =COUNTIFS(C:C,C10,E:E,1) -> 2 | M10: =_xlfn.MINIFS(D:D,C:C,C10,E:E,1) -> 1 | N10: =CHOOSE(L10+1,0,2/3,1,1) -> 1 | O10: =IF(L10>0,1,0) -> 1 | P10: =VLOOKUP(LEFT(C10,LEN(C10)-4)&"_"&D10&"_llm.dfy",S:T,2,0) -> 56 | Q10: =VLOOKUP(C10,Locs!A:C,3,0) -> 28 | R10: =VLOOKUP(C10,Locs!A:F,6,0) -> 0 | S10: Catalan_1_llm.dfy | T10: 56
A11: 10 | B11: =C11&"-"&D11 -> Catalan.dfy-2 | C11: Catalan.dfy | D11: 2 | E11: 1 | F11: 32.4286 | G11: 1.3656 | H11: 32.4262 | I11: 1 | J11: 1 | K11: 1 | L11: =COUNTIFS(C:C,C11,E:E,1) -> 2 | M11: =_xlfn.MINIFS(D:D,C:C,C11,E:E,1) -> 1 | N11: =CHOOSE(L11+1,0,2/3,1,1) -> 1 | O11: =IF(L11>0,1,0) -> 1 | P11: =VLOOKUP(LEFT(C11,LEN(C11)-4)&"_"&D11&"_llm.dfy",S:T,2,0) -> 33 | Q11: =VLOOKUP(C11,Locs!A:C,3,0) -> 28 | R11: =VLOOKUP(C11,Locs!A:F,6,0) -> 0 | S11: Catalan_2_llm.dfy | T11: 33
A12: 11 | B12: =C12&"-"&D12 -> Catalan.dfy-3 | C12: Catalan.dfy | D12: 3 | E12: 0 | F12: 14.5678 | G12: 61.2425 | H12: 14.5579 | I12: -1 | J12: 0 | K12: 0 | L12: =COUNTIFS(C:C,C12,E:E,1) -> 2 | M12: =_xlfn.MINIFS(D:D,C:C,C12,E:E,1) -> 1 | N12: =CHOOSE(L12+1,0,2/3,1,1) -> 1 | O12: =IF(L12>0,1,0) -> 1 | P12: =VLOOKUP(LEFT(C12,LEN(C12)-4)&"_"&D12&"_llm.dfy",S:T,2,0) -> 32 | Q12: =VLOOKUP(C12,Locs!A:C,3,0) -> 28 | R12: =VLOOKUP(C12,Locs!A:F,6,0) -> 0 | S12: Catalan_3_llm.dfy | T12: 32
A13: 12 | B13: =C13&"-"&D13 -> CombNK.dfy-1 | C13: CombNK.dfy | D13: 1 | E13: 1 | F13: 26.414 | G13: 2.2477 | H13: 26.3899 | I13: 1 | J13: 1 | K13: 1 | L13: =COUNTIFS(C:C,C13,E:E,1) -> 2 | M13: =_xlfn.MINIFS(D:D,C:C,C13,E:E,1) -> 1 | N13: =CHOOSE(L13+1,0,2/3,1,1) -> 1 | O13: =IF(L13>0,1,0) -> 1 | P13: =VLOOKUP(LEFT(C13,LEN(C13)-4)&"_"&D13&"_llm.dfy",S:T,2,0) -> 48 | Q13: =VLOOKUP(C13,Locs!A:C,3,0) -> 38 | R13: =VLOOKUP(C13,Locs!A:F,6,0) -> 0 | S13: CombNK_1_llm.dfy | T13: 48
... A331: 330 | B331: =C331&"-"&D331 -> task_id_623.dfy-2 | C331: task_id_623.dfy | D331: 2 | E331: 1 | F331: 7.6334 | G331: 1.6663 | H331: 7.6315 | I331: 1 | J331: 1 | K331: 1 | L331: =COUNTIFS(C:C,C331,E:E,1) -> 2 | M331: =_xlfn.MINIFS(D:D,C:C,C331,E:E,1) -> 1 | N331: =CHOOSE(L331+1,0,2/3,1,1) -> 1 | O331: =IF(L331>0,1,0) -> 1 | P331: =VLOOKUP(LEFT(C331,LEN(C331)-4)&"_"&D331&"_llm.dfy",S:T,2,0) -> 25 | Q331: =VLOOKUP(C331,Locs!A:C,3,0) -> 25 | R331: =VLOOKUP(C331,Locs!A:F,6,0) -> 0 | S331: task_id_627_1_llm.dfy | T331: 35
B332: =C332&"-"&D332 -> task_id_623.dfy-3 | C332: task_id_623.dfy | D332: 3 | E332: -1 | F332: 22.3121 | G332: 0.2792 | H332: 22.3102 | I332: -1 | J332: -1 | K332: -1 | L332: =COUNTIFS(C:C,C332,E:E,1) -> 2 | M332: =_xlfn.MINIFS(D:D,C:C,C332,E:E,1) -> 1 | N332: =CHOOSE(L332+1,0,2/3,1,1) -> 1 | O332: =IF(L332>0,1,0) -> 1 | P332: =VLOOKUP(LEFT(C332,LEN(C332)-4)&"_"&D332&"_llm.dfy",S:T,2,0) -> 30 | Q332: =VLOOKUP(C332,Locs!A:C,3,0) -> 25 | R332: =VLOOKUP(C332,Locs!A:F,6,0) -> 0 | S332: task_id_627_2_llm.dfy | T332: 54
B333: =C333&"-"&D333 -> task_id_624.dfy-1 | C333: task_id_624.dfy | D333: 1 | E333: 1 | F333: 8.2973 | G333: 1.6714 | H333: 8.2756 | I333: 1 | J333: 1 | K333: 1 | L333: =COUNTIFS(C:C,C333,E:E,1) -> 3 | M333: =_xlfn.MINIFS(D:D,C:C,C333,E:E,1) -> 1 | N333: =CHOOSE(L333+1,0,2/3,1,1) -> 1 | O333: =IF(L333>0,1,0) -> 1 | P333: =VLOOKUP(LEFT(C333,LEN(C333)-4)&"_"&D333&"_llm.dfy",S:T,2,0) -> 22 | Q333: =VLOOKUP(C333,Locs!A:C,3,0) -> 22 | R333: =VLOOKUP(C333,Locs!A:F,6,0) -> 0 | S333: task_id_627_3_llm.dfy | T333: 30
B334: =C334&"-"&D334 -> task_id_624.dfy-2 | C334: task_id_624.dfy | D334: 2 | E334: 1 | F334: 11.404 | G334: 1.6544 | H334: 11.4025 | I334: 1 | J334: 1 | K334: 1 | L334: =COUNTIFS(C:C,C334,E:E,1) -> 3 | M334: =_xlfn.MINIFS(D:D,C:C,C334,E:E,1) -> 1 | N334: =CHOOSE(L334+1,0,2/3,1,1) -> 1 | O334: =IF(L334>0,1,0) -> 1 | P334: =VLOOKUP(LEFT(C334,LEN(C334)-4)&"_"&D334&"_llm.dfy",S:T,2,0) -> 22 | Q334: =VLOOKUP(C334,Locs!A:C,3,0) -> 22 | R334: =VLOOKUP(C334,Locs!A:F,6,0) -> 0 | S334: task_id_627_4_llm.dfy | T334: 40
B335: =C335&"-"&D335 -> task_id_624.dfy-3 | C335: task_id_624.dfy | D335: 3 | E335: 1 | F335: 10.3103 | G335: 1.6579 | H335: 10.3088 | I335: 1 | J335: 1 | K335: 1 | L335: =COUNTIFS(C:C,C335,E:E,1) -> 3 | M335: =_xlfn.MINIFS(D:D,C:C,C335,E:E,1) -> 1 | N335: =CHOOSE(L335+1,0,2/3,1,1) -> 1 | O335: =IF(L335>0,1,0) -> 1 | P335: =VLOOKUP(LEFT(C335,LEN(C335)-4)&"_"&D335&"_llm.dfy",S:T,2,0) -> 22 | Q335: =VLOOKUP(C335,Locs!A:C,3,0) -> 22 | R335: =VLOOKUP(C335,Locs!A:F,6,0) -> 0 | S335: task_id_627_5_llm.dfy | T335: 35
B336: =C336&"-"&D336 -> task_id_627.dfy-1 | C336: task_id_627.dfy | D336: 1 | E336: 0 | F336: 31.7552 | G336: 1.7271 | H336: 31.7437 | I336: -1 | J336: 0 | K336: 0 | L336: =COUNTIFS(C:C,C336,E:E,1) -> 0 | M336: =_xlfn.MINIFS(D:D,C:C,C336,E:E,1) -> 0 | N336: =CHOOSE(L336+1,0,2/3,1,1) -> 0 | O336: =IF(L336>0,1,0) -> 0 | P336: =VLOOKUP(LEFT(C336,LEN(C336)-4)&"_"&D336&"_llm.dfy",S:T,2,0) -> 35 | Q336: =VLOOKUP(C336,Locs!A:C,3,0) -> 36 | R336: =VLOOKUP(C336,Locs!A:F,6,0) -> 6 | S336: task_id_629_1_llm.dfy | T336: 42
B337: =C337&"-"&D337 -> task_id_627.dfy-2 | C337: task_id_627.dfy | D337: 2 | E337: 0 | F337: 45.4918 | G337: 1.7295 | H337: 45.4899 | I337: -1 | J337: 0 | K337: 0 | L337: =COUNTIFS(C:C,C337,E:E,1) -> 0 | M337: =_xlfn.MINIFS(D:D,C:C,C337,E:E,1) -> 0 | N337: =CHOOSE(L337+1,0,2/3,1,1) -> 0 | O337: =IF(L337>0,1,0) -> 0 | P337: =VLOOKUP(LEFT(C337,LEN(C337)-4)&"_"&D337&"_llm.dfy",S:T,2,0) -> 54 | Q337: =VLOOKUP(C337,Locs!A:C,3,0) -> 36 | R337: =VLOOKUP(C337,Locs!A:F,6,0) -> 6 | S337: task_id_629_2_llm.dfy | T337: 53
B338: =C338&"-"&D338 -> task_id_627.dfy-3 | C338: task_id_627.dfy | D338: 3 | E338: 0 | F338: 30.6537 | G338: 0.9453 | H338: 30.652 | I338: 0 | J338: 0 | K338: 0 | L338: =COUNTIFS(C:C,C338,E:E,1) -> 0 | M338: =_xlfn.MINIFS(D:D,C:C,C338,E:E,1) -> 0 | N338: =CHOOSE(L338+1,0,2/3,1,1) -> 0 | O338: =IF(L338>0,1,0) -> 0 | P338: =VLOOKUP(LEFT(C338,LEN(C338)-4)&"_"&D338&"_llm.dfy",S:T,2,0) -> 30 | Q338: =VLOOKUP(C338,Locs!A:C,3,0) -> 36 | R338: =VLOOKUP(C338,Locs!A:F,6,0) -> 6 | S338: task_id_629_3_llm.dfy | T338: 46
B339: =C339&"-"&D339 -> task_id_627.dfy-4 | C339: task_id_627.dfy | D339: 4 | E339: 0 | F339: 63.0239 | G339: 2.2719 | H339: 63.0027 | I339: -1 | J339: 0 | K339: 0 | L339: =COUNTIFS(C:C,C339,E:E,1) -> 0 | M339: =_xlfn.MINIFS(D:D,C:C,C339,E:E,1) -> 0 | N339: =CHOOSE(L339+1,0,2/3,1,1) -> 0 | O339: =IF(L339>0,1,0) -> 0 | P339: =VLOOKUP(LEFT(C339,LEN(C339)-4)&"_"&D339&"_llm.dfy",S:T,2,0) -> 40 | Q339: =VLOOKUP(C339,Locs!A:C,3,0) -> 36 | R339: =VLOOKUP(C339,Locs!A:F,6,0) -> 6 | S339: task_id_629_4_llm.dfy | T339: 40
B340: =C340&"-"&D340 -> task_id_627.dfy-5 | C340: task_id_627.dfy | D340: 5 | E340: 0 | F340: 76.0011 | G340: 1.3036 | H340: 75.9989 | I340: -1 | J340: 0 | K340: 0 | L340: =COUNTIFS(C:C,C340,E:E,1) -> 0 | M340: =_xlfn.MINIFS(D:D,C:C,C340,E:E,1) -> 0 | N340: =CHOOSE(L340+1,0,2/3,1,1) -> 0 | O340: =IF(L340>0,1,0) -> 0 | P340: =VLOOKUP(LEFT(C340,LEN(C340)-4)&"_"&D340&"_llm.dfy",S:T,2,0) -> 35 | Q340: =VLOOKUP(C340,Locs!A:C,3,0) -> 36 | R340: =VLOOKUP(C340,Locs!A:F,6,0) -> 6 | S340: task_id_629_5_llm.dfy | T340: 54
B341: =C341&"-"&D341 -> task_id_629.dfy-1 | C341: task_id_629.dfy | D341: 1 | E341: 0 | F341: 13.8553 | G341: 1.8594 | H341: 13.8297 | I341: -1 | J341: 0 | K341: 0 | L341: =COUNTIFS(C:C,C341,E:E,1) -> 0 | M341: =_xlfn.MINIFS(D:D,C:C,C341,E:E,1) -> 0 | N341: =CHOOSE(L341+1,0,2/3,1,1) -> 0 | O341: =IF(L341>0,1,0) -> 0 | P341: =VLOOKUP(LEFT(C341,LEN(C341)-4)&"_"&D341&"_llm.dfy",S:T,2,0) -> 42 | Q341: =VLOOKUP(C341,Locs!A:C,3,0) -> 49 | R341: =VLOOKUP(C341,Locs!A:F,6,0) -> 2 | S341: task_id_62_1_llm.dfy | T341: 27
B342: =C342&"-"&D342 -> task_id_629.dfy-2 | C342: task_id_629.dfy | D342: 2 | E342: 0 | F342: 25.2172 | G342: 1.9384 | H342: 25.2152 | I342: -1 | J342: 0 | K342: 0 | L342: =COUNTIFS(C:C,C342,E:E,1) -> 0 | M342: =_xlfn.MINIFS(D:D,C:C,C342,E:E,1) -> 0 | N342: =CHOOSE(L342+1,0,2/3,1,1) -> 0 | O342: =IF(L342>0,1,0) -> 0 | P342: =VLOOKUP(LEFT(C342,LEN(C342)-4)&"_"&D342&"_llm.dfy",S:T,2,0) -> 53 | Q342: =VLOOKUP(C342,Locs!A:C,3,0) -> 49 | R342: =VLOOKUP(C342,Locs!A:F,6,0) -> 2 | S342: task_id_62_2_llm.dfy | T342: 27
B343: =C343&"-"&D343 -> task_id_629.dfy-3 | C343: task_id_629.dfy | D343: 3 | E343: 0 | F343: 15.5712 | G343: 1.8225 | H343: 15.5691 | I343: -1 | J343: 0 | K343: 0 | L343: =COUNTIFS(C:C,C343,E:E,1) -> 0 | M343: =_xlfn.MINIFS(D:D,C:C,C343,E:E,1) -> 0 | N343: =CHOOSE(L343+1,0,2/3,1,1) -> 0 | O343: =IF(L343>0,1,0) -> 0 | P343: =VLOOKUP(LEFT(C343,LEN(C343)-4)&"_"&D343&"_llm.dfy",S:T,2,0) -> 46 | Q343: =VLOOKUP(C343,Locs!A:C,3,0) -> 49 | R343: =VLOOKUP(C343,Locs!A:F,6,0) -> 2 | S343: task_id_62_3_llm.dfy | T343: 29
... B459: =C459&"-"&D459 -> task_id_95.dfy-5 | C459: task_id_95.dfy | D459: 5 | E459: 0 | F459: 14.8385 | G459: 1.2612 | H459: 14.8361 | I459: 1 | J459: 0 | K459: 0 | L459: =COUNTIFS(C:C,C459,E:E,1) -> 0 | M459: =_xlfn.MINIFS(D:D,C:C,C459,E:E,1) -> 0 | N459: =CHOOSE(L459+1,0,2/3,1,1) -> 0 | O459: =IF(L459>0,1,0) -> 0 | P459: =VLOOKUP(LEFT(C459,LEN(C459)-4)&"_"&D459&"_llm.dfy",S:T,2,0) -> 30 | Q459: =VLOOKUP(C459,Locs!A:C,3,0) -> 32 | R459: =VLOOKUP(C459,Locs!A:F,6,0) -> 6 | S459: task_id_95_5_llm.dfy | T459: 30

Sheet Results_GPT5.2None
A1: Ordering | B1: Key | C1: Filename | D1: Attempt | E1: Success | F1: Time Gen | G1: Time Ver | H1: Time API Call | I1: Success Merged Original | J1: Success Raw | K1: Success Postprocessed | L1: C | M1: Attempts to Success | N1: pass@2 | O1: pass@3 | P1: LOC llm | Q1: LOC man | R1: Helpers + lemmas | S1: File | T1: LOC
A2: 1 | B2: =C2&"-"&D2 -> BinarySearch.dfy-1 | C2: BinarySearch.dfy | D2: 1 | E2: 0 | F2: 6.5319 | G2: 1.6899 | H2: 6.5284 | I2: -1 | J2: 0 | K2: 0 | L2: =COUNTIFS(C:C,C2,E:E,1) -> 1 | M2: =_xlfn.MINIFS(D:D,C:C,C2,E:E,1) -> 2 | N2: =CHOOSE(L2+1,0,2/3,1,1) -> 0.66666667 | O2: =IF(L2>0,1,0) -> 1 | P2: =VLOOKUP(LEFT(C2,LEN(C2)-4)&"_"&D2&"_llm.dfy",S:T,2,0) -> 47 | Q2: =VLOOKUP(C2,Locs!A:C,3,0) -> 38 | R2: =VLOOKUP(C2,Locs!A:F,6,0) -> 0 | S2: BinarySearch_1_llm.dfy | T2: 47
A3: 2 | B3: =C3&"-"&D3 -> BinarySearch.dfy-2 | C3: BinarySearch.dfy | D3: 2 | E3: 1 | F3: 5.7361 | G3: 1.6407 | H3: 5.7345 | I3: 1 | J3: 1 | K3: 1 | L3: =COUNTIFS(C:C,C3,E:E,1) -> 1 | M3: =_xlfn.MINIFS(D:D,C:C,C3,E:E,1) -> 2 | N3: =CHOOSE(L3+1,0,2/3,1,1) -> 0.66666667 | O3: =IF(L3>0,1,0) -> 1 | P3: =VLOOKUP(LEFT(C3,LEN(C3)-4)&"_"&D3&"_llm.dfy",S:T,2,0) -> 42 | Q3: =VLOOKUP(C3,Locs!A:C,3,0) -> 38 | R3: =VLOOKUP(C3,Locs!A:F,6,0) -> 0 | S3: BinarySearch_2_llm.dfy | T3: 42
A4: 3 | B4: =C4&"-"&D4 -> BinarySearch.dfy-3 | C4: BinarySearch.dfy | D4: 3 | E4: 0 | F4: 7.1838 | G4: 1.6848 | H4: 7.1826 | I4: -1 | J4: 0 | K4: 0 | L4: =COUNTIFS(C:C,C4,E:E,1) -> 1 | M4: =_xlfn.MINIFS(D:D,C:C,C4,E:E,1) -> 2 | N4: =CHOOSE(L4+1,0,2/3,1,1) -> 0.66666667 | O4: =IF(L4>0,1,0) -> 1 | P4: =VLOOKUP(LEFT(C4,LEN(C4)-4)&"_"&D4&"_llm.dfy",S:T,2,0) -> 43 | Q4: =VLOOKUP(C4,Locs!A:C,3,0) -> 38 | R4: =VLOOKUP(C4,Locs!A:F,6,0) -> 0 | S4: BinarySearch_3_llm.dfy | T4: 43
A5: 4 | B5: =C5&"-"&D5 -> BubbleSort.dfy-1 | C5: BubbleSort.dfy | D5: 1 | E5: -1 | F5: 6.7166 | G5: 0.3851 | H5: 6.7121 | I5: -1 | J5: -1 | K5: -1 | L5: =COUNTIFS(C:C,C5,E:E,1) -> 0 | M5: =_xlfn.MINIFS(D:D,C:C,C5,E:E,1) -> 0 | N5: =CHOOSE(L5+1,0,2/3,1,1) -> 0 | O5: =IF(L5>0,1,0) -> 0 | P5: =VLOOKUP(LEFT(C5,LEN(C5)-4)&"_"&D5&"_llm.dfy",S:T,2,0) -> 45 | Q5: =VLOOKUP(C5,Locs!A:C,3,0) -> 44 | R5: =VLOOKUP(C5,Locs!A:F,6,0) -> 1 | S5: BubbleSort_1_llm.dfy | T5: 45
A6: 5 | B6: =C6&"-"&D6 -> BubbleSort.dfy-2 | C6: BubbleSort.dfy | D6: 2 | E6: 0 | F6: 5.9838 | G6: 1.79 | H6: 5.9823 | I6: -1 | J6: 0 | K6: 0 | L6: =COUNTIFS(C:C,C6,E:E,1) -> 0 | M6: =_xlfn.MINIFS(D:D,C:C,C6,E:E,1) -> 0 | N6: =CHOOSE(L6+1,0,2/3,1,1) -> 0 | O6: =IF(L6>0,1,0) -> 0 | P6: =VLOOKUP(LEFT(C6,LEN(C6)-4)&"_"&D6&"_llm.dfy",S:T,2,0) -> 45 | Q6: =VLOOKUP(C6,Locs!A:C,3,0) -> 44 | R6: =VLOOKUP(C6,Locs!A:F,6,0) -> 1 | S6: BubbleSort_2_llm.dfy | T6: 45
A7: 6 | B7: =C7&"-"&D7 -> BubbleSort.dfy-3 | C7: BubbleSort.dfy | D7: 3 | E7: 0 | F7: 5.9298 | G7: 2.0089 | H7: 5.923 | I7: -1 | J7: 0 | K7: 0 | L7: =COUNTIFS(C:C,C7,E:E,1) -> 0 | M7: =_xlfn.MINIFS(D:D,C:C,C7,E:E,1) -> 0 | N7: =CHOOSE(L7+1,0,2/3,1,1) -> 0 | O7: =IF(L7>0,1,0) -> 0 | P7: =VLOOKUP(LEFT(C7,LEN(C7)-4)&"_"&D7&"_llm.dfy",S:T,2,0) -> 47 | Q7: =VLOOKUP(C7,Locs!A:C,3,0) -> 44 | R7: =VLOOKUP(C7,Locs!A:F,6,0) -> 1 | S7: BubbleSort_3_llm.dfy | T7: 47
A8: 7 | B8: =C8&"-"&D8 -> BubbleSort.dfy-4 | C8: BubbleSort.dfy | D8: 4 | E8: 0 | F8: 7.5956 | G8: 2.4962 | H8: 7.5747 | I8: -1 | J8: 0 | K8: 0 | L8: =COUNTIFS(C:C,C8,E:E,1) -> 0 | M8: =_xlfn.MINIFS(D:D,C:C,C8,E:E,1) -> 0 | N8: =CHOOSE(L8+1,0,2/3,1,1) -> 0 | O8: =IF(L8>0,1,0) -> 0 | P8: =VLOOKUP(LEFT(C8,LEN(C8)-4)&"_"&D8&"_llm.dfy",S:T,2,0) -> 54 | Q8: =VLOOKUP(C8,Locs!A:C,3,0) -> 44 | R8: =VLOOKUP(C8,Locs!A:F,6,0) -> 1 | S8: BubbleSort_4_llm.dfy | T8: 54
A9: 8 | B9: =C9&"-"&D9 -> BubbleSort.dfy-5 | C9: BubbleSort.dfy | D9: 5 | E9: 0 | F9: 6.144 | G9: 2.5547 | H9: 6.1418 | I9: -1 | J9: 0 | K9: 0 | L9: =COUNTIFS(C:C,C9,E:E,1) -> 0 | M9: =_xlfn.MINIFS(D:D,C:C,C9,E:E,1) -> 0 | N9: =CHOOSE(L9+1,0,2/3,1,1) -> 0 | O9: =IF(L9>0,1,0) -> 0 | P9: =VLOOKUP(LEFT(C9,LEN(C9)-4)&"_"&D9&"_llm.dfy",S:T,2,0) -> 42 | Q9: =VLOOKUP(C9,Locs!A:C,3,0) -> 44 | R9: =VLOOKUP(C9,Locs!A:F,6,0) -> 1 | S9: BubbleSort_5_llm.dfy | T9: 42
A10: 9 | B10: =C10&"-"&D10 -> Catalan.dfy-1 | C10: Catalan.dfy | D10: 1 | E10: 1 | F10: 5.0263 | G10: 0.8145 | H10: 5.0242 | I10: 1 | J10: 1 | K10: 1 | L10: =COUNTIFS(C:C,C10,E:E,1) -> 1 | M10: =_xlfn.MINIFS(D:D,C:C,C10,E:E,1) -> 1 | N10: =CHOOSE(L10+1,0,2/3,1,1) -> 0.66666667 | O10: =IF(L10>0,1,0) -> 1 | P10: =VLOOKUP(LEFT(C10,LEN(C10)-4)&"_"&D10&"_llm.dfy",S:T,2,0) -> 32 | Q10: =VLOOKUP(C10,Locs!A:C,3,0) -> 28 | R10: =VLOOKUP(C10,Locs!A:F,6,0) -> 0 | S10: Catalan_1_llm.dfy | T10: 32
A11: 10 | B11: =C11&"-"&D11 -> Catalan.dfy-2 | C11: Catalan.dfy | D11: 2 | E11: 0 | F11: 12.242 | G11: 73.4413 | H11: 12.2405 | I11: -1 | J11: 0 | K11: 0 | L11: =COUNTIFS(C:C,C11,E:E,1) -> 1 | M11: =_xlfn.MINIFS(D:D,C:C,C11,E:E,1) -> 1 | N11: =CHOOSE(L11+1,0,2/3,1,1) -> 0.66666667 | O11: =IF(L11>0,1,0) -> 1 | P11: =VLOOKUP(LEFT(C11,LEN(C11)-4)&"_"&D11&"_llm.dfy",S:T,2,0) -> 71 | Q11: =VLOOKUP(C11,Locs!A:C,3,0) -> 28 | R11: =VLOOKUP(C11,Locs!A:F,6,0) -> 0 | S11: Catalan_2_llm.dfy | T11: 71
A12: 11 | B12: =C12&"-"&D12 -> Catalan.dfy-3 | C12: Catalan.dfy | D12: 3 | E12: 0 | F12: 4.548 | G12: 0.7538 | H12: 4.5464 | I12: -1 | J12: 0 | K12: 0 | L12: =COUNTIFS(C:C,C12,E:E,1) -> 1 | M12: =_xlfn.MINIFS(D:D,C:C,C12,E:E,1) -> 1 | N12: =CHOOSE(L12+1,0,2/3,1,1) -> 0.66666667 | O12: =IF(L12>0,1,0) -> 1 | P12: =VLOOKUP(LEFT(C12,LEN(C12)-4)&"_"&D12&"_llm.dfy",S:T,2,0) -> 30 | Q12: =VLOOKUP(C12,Locs!A:C,3,0) -> 28 | R12: =VLOOKUP(C12,Locs!A:F,6,0) -> 0 | S12: Catalan_3_llm.dfy | T12: 30
A13: 12 | B13: =C13&"-"&D13 -> CombNK.dfy-1 | C13: CombNK.dfy | D13: 1 | E13: -1 | F13: 7.739 | G13: 0.3863 | H13: 7.7325 | I13: -1 | J13: -1 | K13: -1 | L13: =COUNTIFS(C:C,C13,E:E,1) -> 2 | M13: =_xlfn.MINIFS(D:D,C:C,C13,E:E,1) -> 2 | N13: =CHOOSE(L13+1,0,2/3,1,1) -> 1 | O13: =IF(L13>0,1,0) -> 1 | P13: =VLOOKUP(LEFT(C13,LEN(C13)-4)&"_"&D13&"_llm.dfy",S:T,2,0) -> 64 | Q13: =VLOOKUP(C13,Locs!A:C,3,0) -> 38 | R13: =VLOOKUP(C13,Locs!A:F,6,0) -> 0 | S13: CombNK_1_llm.dfy | T13: 64
... A331: 330 | B331: =C331&"-"&D331 -> task_id_610.dfy-1 | C331: task_id_610.dfy | D331: 1 | E331: 1 | F331: 3.9039 | G331: 0.7743 | H331: 3.8779 | I331: 1 | J331: 1 | K331: 1 | L331: =COUNTIFS(C:C,C331,E:E,1) -> 3 | M331: =_xlfn.MINIFS(D:D,C:C,C331,E:E,1) -> 1 | N331: =CHOOSE(L331+1,0,2/3,1,1) -> 1 | O331: =IF(L331>0,1,0) -> 1 | P331: =VLOOKUP(LEFT(C331,LEN(C331)-4)&"_"&D331&"_llm.dfy",S:T,2,0) -> 33 | Q331: =VLOOKUP(C331,Locs!A:C,3,0) -> 26 | R331: =VLOOKUP(C331,Locs!A:F,6,0) -> 0 | S331: task_id_610_1_llm.dfy | T331: 33
B332: =C332&"-"&D332 -> task_id_610.dfy-2 | C332: task_id_610.dfy | D332: 2 | E332: 1 | F332: 7.2307 | G332: 0.7689 | H332: 7.2292 | I332: 1 | J332: 1 | K332: 1 | L332: =COUNTIFS(C:C,C332,E:E,1) -> 3 | M332: =_xlfn.MINIFS(D:D,C:C,C332,E:E,1) -> 1 | N332: =CHOOSE(L332+1,0,2/3,1,1) -> 1 | O332: =IF(L332>0,1,0) -> 1 | P332: =VLOOKUP(LEFT(C332,LEN(C332)-4)&"_"&D332&"_llm.dfy",S:T,2,0) -> 35 | Q332: =VLOOKUP(C332,Locs!A:C,3,0) -> 26 | R332: =VLOOKUP(C332,Locs!A:F,6,0) -> 0 | S332: task_id_610_2_llm.dfy | T332: 35
B333: =C333&"-"&D333 -> task_id_610.dfy-3 | C333: task_id_610.dfy | D333: 3 | E333: 1 | F333: 4.4515 | G333: 0.7666 | H333: 4.45 | I333: 1 | J333: 1 | K333: 1 | L333: =COUNTIFS(C:C,C333,E:E,1) -> 3 | M333: =_xlfn.MINIFS(D:D,C:C,C333,E:E,1) -> 1 | N333: =CHOOSE(L333+1,0,2/3,1,1) -> 1 | O333: =IF(L333>0,1,0) -> 1 | P333: =VLOOKUP(LEFT(C333,LEN(C333)-4)&"_"&D333&"_llm.dfy",S:T,2,0) -> 33 | Q333: =VLOOKUP(C333,Locs!A:C,3,0) -> 26 | R333: =VLOOKUP(C333,Locs!A:F,6,0) -> 0 | S333: task_id_610_3_llm.dfy | T333: 33
B334: =C334&"-"&D334 -> task_id_616.dfy-1 | C334: task_id_616.dfy | D334: 1 | E334: 1 | F334: 3.6643 | G334: 0.7574 | H334: 3.6393 | I334: 1 | J334: 1 | K334: 1 | L334: =COUNTIFS(C:C,C334,E:E,1) -> 3 | M334: =_xlfn.MINIFS(D:D,C:C,C334,E:E,1) -> 1 | N334: =CHOOSE(L334+1,0,2/3,1,1) -> 1 | O334: =IF(L334>0,1,0) -> 1 | P334: =VLOOKUP(LEFT(C334,LEN(C334)-4)&"_"&D334&"_llm.dfy",S:T,2,0) -> 24 | Q334: =VLOOKUP(C334,Locs!A:C,3,0) -> 24 | R334: =VLOOKUP(C334,Locs!A:F,6,0) -> 0 | S334: task_id_616_1_llm.dfy | T334: 24
B335: =C335&"-"&D335 -> task_id_616.dfy-2 | C335: task_id_616.dfy | D335: 2 | E335: 1 | F335: 3.275 | G335: 0.7601 | H335: 3.2728 | I335: 1 | J335: 1 | K335: 1 | L335: =COUNTIFS(C:C,C335,E:E,1) -> 3 | M335: =_xlfn.MINIFS(D:D,C:C,C335,E:E,1) -> 1 | N335: =CHOOSE(L335+1,0,2/3,1,1) -> 1 | O335: =IF(L335>0,1,0) -> 1 | P335: =VLOOKUP(LEFT(C335,LEN(C335)-4)&"_"&D335&"_llm.dfy",S:T,2,0) -> 24 | Q335: =VLOOKUP(C335,Locs!A:C,3,0) -> 24 | R335: =VLOOKUP(C335,Locs!A:F,6,0) -> 0 | S335: task_id_616_2_llm.dfy | T335: 24
B336: =C336&"-"&D336 -> task_id_616.dfy-3 | C336: task_id_616.dfy | D336: 3 | E336: 1 | F336: 3.4552 | G336: 0.7746 | H336: 3.4534 | I336: 1 | J336: 1 | K336: 1 | L336: =COUNTIFS(C:C,C336,E:E,1) -> 3 | M336: =_xlfn.MINIFS(D:D,C:C,C336,E:E,1) -> 1 | N336: =CHOOSE(L336+1,0,2/3,1,1) -> 1 | O336: =IF(L336>0,1,0) -> 1 | P336: =VLOOKUP(LEFT(C336,LEN(C336)-4)&"_"&D336&"_llm.dfy",S:T,2,0) -> 24 | Q336: =VLOOKUP(C336,Locs!A:C,3,0) -> 24 | R336: =VLOOKUP(C336,Locs!A:F,6,0) -> 0 | S336: task_id_616_3_llm.dfy | T336: 24
B337: =C337&"-"&D337 -> task_id_62.dfy-1 | C337: task_id_62.dfy | D337: 1 | E337: 0 | F337: 3.321 | G337: 0.7851 | H337: 3.2959 | I337: 1 | J337: 0 | K337: 0 | L337: =COUNTIFS(C:C,C337,E:E,1) -> 0 | M337: =_xlfn.MINIFS(D:D,C:C,C337,E:E,1) -> 0 | N337: =CHOOSE(L337+1,0,2/3,1,1) -> 0 | O337: =IF(L337>0,1,0) -> 0 | P337: =VLOOKUP(LEFT(C337,LEN(C337)-4)&"_"&D337&"_llm.dfy",S:T,2,0) -> 27 | Q337: =VLOOKUP(C337,Locs!A:C,3,0) -> 30 | R337: =VLOOKUP(C337,Locs!A:F,6,0) -> 3 | S337: task_id_623_1_llm.dfy | T337: 24
B338: =C338&"-"&D338 -> task_id_62.dfy-2 | C338: task_id_62.dfy | D338: 2 | E338: 0 | F338: 3.8578 | G338: 0.7554 | H338: 3.8564 | I338: 1 | J338: 0 | K338: 0 | L338: =COUNTIFS(C:C,C338,E:E,1) -> 0 | M338: =_xlfn.MINIFS(D:D,C:C,C338,E:E,1) -> 0 | N338: =CHOOSE(L338+1,0,2/3,1,1) -> 0 | O338: =IF(L338>0,1,0) -> 0 | P338: =VLOOKUP(LEFT(C338,LEN(C338)-4)&"_"&D338&"_llm.dfy",S:T,2,0) -> 27 | Q338: =VLOOKUP(C338,Locs!A:C,3,0) -> 30 | R338: =VLOOKUP(C338,Locs!A:F,6,0) -> 3 | S338: task_id_623_2_llm.dfy | T338: 25
B339: =C339&"-"&D339 -> task_id_62.dfy-3 | C339: task_id_62.dfy | D339: 3 | E339: 0 | F339: 3.4452 | G339: 0.7701 | H339: 3.4436 | I339: 1 | J339: 0 | K339: 0 | L339: =COUNTIFS(C:C,C339,E:E,1) -> 0 | M339: =_xlfn.MINIFS(D:D,C:C,C339,E:E,1) -> 0 | N339: =CHOOSE(L339+1,0,2/3,1,1) -> 0 | O339: =IF(L339>0,1,0) -> 0 | P339: =VLOOKUP(LEFT(C339,LEN(C339)-4)&"_"&D339&"_llm.dfy",S:T,2,0) -> 27 | Q339: =VLOOKUP(C339,Locs!A:C,3,0) -> 30 | R339: =VLOOKUP(C339,Locs!A:F,6,0) -> 3 | S339: task_id_623_3_llm.dfy | T339: 24
B340: =C340&"-"&D340 -> task_id_62.dfy-4 | C340: task_id_62.dfy | D340: 4 | E340: 0 | F340: 2.6931 | G340: 1.21 | H340: 2.6722 | I340: 1 | J340: 0 | K340: 0 | L340: =COUNTIFS(C:C,C340,E:E,1) -> 0 | M340: =_xlfn.MINIFS(D:D,C:C,C340,E:E,1) -> 0 | N340: =CHOOSE(L340+1,0,2/3,1,1) -> 0 | O340: =IF(L340>0,1,0) -> 0 | P340: =VLOOKUP(LEFT(C340,LEN(C340)-4)&"_"&D340&"_llm.dfy",S:T,2,0) -> 27 | Q340: =VLOOKUP(C340,Locs!A:C,3,0) -> 30 | R340: =VLOOKUP(C340,Locs!A:F,6,0) -> 3 | S340: task_id_624_1_llm.dfy | T340: 22
B341: =C341&"-"&D341 -> task_id_62.dfy-5 | C341: task_id_62.dfy | D341: 5 | E341: 0 | F341: 2.934 | G341: 1.2331 | H341: 2.9317 | I341: 1 | J341: 0 | K341: 0 | L341: =COUNTIFS(C:C,C341,E:E,1) -> 0 | M341: =_xlfn.MINIFS(D:D,C:C,C341,E:E,1) -> 0 | N341: =CHOOSE(L341+1,0,2/3,1,1) -> 0 | O341: =IF(L341>0,1,0) -> 0 | P341: =VLOOKUP(LEFT(C341,LEN(C341)-4)&"_"&D341&"_llm.dfy",S:T,2,0) -> 27 | Q341: =VLOOKUP(C341,Locs!A:C,3,0) -> 30 | R341: =VLOOKUP(C341,Locs!A:F,6,0) -> 3 | S341: task_id_624_2_llm.dfy | T341: 22
B342: =C342&"-"&D342 -> task_id_623.dfy-1 | C342: task_id_623.dfy | D342: 1 | E342: 1 | F342: 4.5422 | G342: 1.6443 | H342: 4.5174 | I342: 1 | J342: 1 | K342: 1 | L342: =COUNTIFS(C:C,C342,E:E,1) -> 3 | M342: =_xlfn.MINIFS(D:D,C:C,C342,E:E,1) -> 1 | N342: =CHOOSE(L342+1,0,2/3,1,1) -> 1 | O342: =IF(L342>0,1,0) -> 1 | P342: =VLOOKUP(LEFT(C342,LEN(C342)-4)&"_"&D342&"_llm.dfy",S:T,2,0) -> 24 | Q342: =VLOOKUP(C342,Locs!A:C,3,0) -> 25 | R342: =VLOOKUP(C342,Locs!A:F,6,0) -> 0 | S342: task_id_624_3_llm.dfy | T342: 22
B343: =C343&"-"&D343 -> task_id_623.dfy-2 | C343: task_id_623.dfy | D343: 2 | E343: 1 | F343: 2.9883 | G343: 1.646 | H343: 2.9865 | I343: 1 | J343: 1 | K343: 1 | L343: =COUNTIFS(C:C,C343,E:E,1) -> 3 | M343: =_xlfn.MINIFS(D:D,C:C,C343,E:E,1) -> 1 | N343: =CHOOSE(L343+1,0,2/3,1,1) -> 1 | O343: =IF(L343>0,1,0) -> 1 | P343: =VLOOKUP(LEFT(C343,LEN(C343)-4)&"_"&D343&"_llm.dfy",S:T,2,0) -> 25 | Q343: =VLOOKUP(C343,Locs!A:C,3,0) -> 25 | R343: =VLOOKUP(C343,Locs!A:F,6,0) -> 0 | S343: task_id_627_1_llm.dfy | T343: 38
... B472: =C472&"-"&D472 -> task_id_95.dfy-5 | C472: task_id_95.dfy | D472: 5 | E472: 0 | F472: 2.8883 | G472: 1.2191 | H472: 2.8853 | I472: 1 | J472: 0 | K472: 0 | L472: =COUNTIFS(C:C,C472,E:E,1) -> 0 | M472: =_xlfn.MINIFS(D:D,C:C,C472,E:E,1) -> 0 | N472: =CHOOSE(L472+1,0,2/3,1,1) -> 0 | O472: =IF(L472>0,1,0) -> 0 | P472: =VLOOKUP(LEFT(C472,LEN(C472)-4)&"_"&D472&"_llm.dfy",S:T,2,0) -> 27 | Q472: =VLOOKUP(C472,Locs!A:C,3,0) -> 32 | R472: =VLOOKUP(C472,Locs!A:F,6,0) -> 6 | S472: task_id_95_5_llm.dfy | T472: 27

Sheet Results_DeepSeekV32New
A1: Ordering | B1: Key | C1: Filename | D1: Attempt | E1: Success | F1: Time Gen | G1: Time Ver | H1: Time API Call | I1: Success Merged Original | J1: Success Raw | K1: Success Postprocessed | L1: C | M1: Attempts to Success | N1: pass@2 | O1: pass@3 | P1: LOC llm | Q1: LOC man | R1: Helpers + lemmas | S1: File | T1: LOC
A2: 1 | B2: =C2&"-"&D2 -> BinarySearch.dfy-1 | C2: BinarySearch.dfy | D2: 1 | E2: 1 | F2: 16.6431 | G2: 1.657 | H2: 16.6391 | I2: 1 | J2: 1 | K2: 1 | L2: =COUNTIFS(C:C,C2,E:E,1) -> 3 | M2: =_xlfn.MINIFS(D:D,C:C,C2,E:E,1) -> 1 | N2: =CHOOSE(L2+1,0,2/3,1,1) -> 1 | O2: =IF(L2>0,1,0) -> 1 | P2: =VLOOKUP(LEFT(C2,LEN(C2)-4)&"_"&D2&"_llm.dfy",S:T,2,0) -> 42 | Q2: =VLOOKUP(C2,Locs!A:C,3,0) -> 38 | R2: =VLOOKUP(C2,Locs!A:F,6,0) -> 0 | S2: BinarySearch_1_llm.dfy | T2: 42
A3: 2 | B3: =C3&"-"&D3 -> BinarySearch.dfy-2 | C3: BinarySearch.dfy | D3: 2 | E3: 1 | F3: 15.5448 | G3: 1.6575 | H3: 15.5434 | I3: 1 | J3: 1 | K3: 1 | L3: =COUNTIFS(C:C,C3,E:E,1) -> 3 | M3: =_xlfn.MINIFS(D:D,C:C,C3,E:E,1) -> 1 | N3: =CHOOSE(L3+1,0,2/3,1,1) -> 1 | O3: =IF(L3>0,1,0) -> 1 | P3: =VLOOKUP(LEFT(C3,LEN(C3)-4)&"_"&D3&"_llm.dfy",S:T,2,0) -> 42 | Q3: =VLOOKUP(C3,Locs!A:C,3,0) -> 38 | R3: =VLOOKUP(C3,Locs!A:F,6,0) -> 0 | S3: BinarySearch_2_llm.dfy | T3: 42
A4: 3 | B4: =C4&"-"&D4 -> BinarySearch.dfy-3 | C4: BinarySearch.dfy | D4: 3 | E4: 1 | F4: 15.9143 | G4: 1.6618 | H4: 15.9059 | I4: 1 | J4: 1 | K4: 1 | L4: =COUNTIFS(C:C,C4,E:E,1) -> 3 | M4: =_xlfn.MINIFS(D:D,C:C,C4,E:E,1) -> 1 | N4: =CHOOSE(L4+1,0,2/3,1,1) -> 1 | O4: =IF(L4>0,1,0) -> 1 | P4: =VLOOKUP(LEFT(C4,LEN(C4)-4)&"_"&D4&"_llm.dfy",S:T,2,0) -> 42 | Q4: =VLOOKUP(C4,Locs!A:C,3,0) -> 38 | R4: =VLOOKUP(C4,Locs!A:F,6,0) -> 0 | S4: BinarySearch_3_llm.dfy | T4: 42
A5: 4 | B5: =C5&"-"&D5 -> BubbleSort.dfy-1 | C5: BubbleSort.dfy | D5: 1 | E5: 0 | F5: 14.2049 | G5: 0.9008 | H5: 14.2023 | I5: 0 | J5: 0 | K5: 0 | L5: =COUNTIFS(C:C,C5,E:E,1) -> 0 | M5: =_xlfn.MINIFS(D:D,C:C,C5,E:E,1) -> 0 | N5: =CHOOSE(L5+1,0,2/3,1,1) -> 0 | O5: =IF(L5>0,1,0) -> 0 | P5: =VLOOKUP(LEFT(C5,LEN(C5)-4)&"_"&D5&"_llm.dfy",S:T,2,0) -> 33 | Q5: =VLOOKUP(C5,Locs!A:C,3,0) -> 44 | R5: =VLOOKUP(C5,Locs!A:F,6,0) -> 1 | S5: BubbleSort_1_llm.dfy | T5: 33
A6: 5 | B6: =C6&"-"&D6 -> BubbleSort.dfy-2 | C6: BubbleSort.dfy | D6: 2 | E6: 0 | F6: 15.0189 | G6: 4.2811 | H6: 15.0119 | I6: 0 | J6: 0 | K6: 0 | L6: =COUNTIFS(C:C,C6,E:E,1) -> 0 | M6: =_xlfn.MINIFS(D:D,C:C,C6,E:E,1) -> 0 | N6: =CHOOSE(L6+1,0,2/3,1,1) -> 0 | O6: =IF(L6>0,1,0) -> 0 | P6: =VLOOKUP(LEFT(C6,LEN(C6)-4)&"_"&D6&"_llm.dfy",S:T,2,0) -> 35 | Q6: =VLOOKUP(C6,Locs!A:C,3,0) -> 44 | R6: =VLOOKUP(C6,Locs!A:F,6,0) -> 1 | S6: BubbleSort_2_llm.dfy | T6: 35
A7: 6 | B7: =C7&"-"&D7 -> BubbleSort.dfy-3 | C7: BubbleSort.dfy | D7: 3 | E7: 0 | F7: 16.0466 | G7: 1.8637 | H7: 16.0448 | I7: 0 | J7: 0 | K7: 0 | L7: =COUNTIFS(C:C,C7,E:E,1) -> 0 | M7: =_xlfn.MINIFS(D:D,C:C,C7,E:E,1) -> 0 | N7: =CHOOSE(L7+1,0,2/3,1,1) -> 0 | O7: =IF(L7>0,1,0) -> 0 | P7: =VLOOKUP(LEFT(C7,LEN(C7)-4)&"_"&D7&"_llm.dfy",S:T,2,0) -> 45 | Q7: =VLOOKUP(C7,Locs!A:C,3,0) -> 44 | R7: =VLOOKUP(C7,Locs!A:F,6,0) -> 1 | S7: BubbleSort_3_llm.dfy | T7: 45
A8: 7 | B8: =C8&"-"&D8 -> BubbleSort.dfy-4 | C8: BubbleSort.dfy | D8: 4 | E8: 0 | F8: 18.7529 | G8: 1.4117 | H8: 18.7258 | I8: 0 | J8: 0 | K8: 0 | L8: =COUNTIFS(C:C,C8,E:E,1) -> 0 | M8: =_xlfn.MINIFS(D:D,C:C,C8,E:E,1) -> 0 | N8: =CHOOSE(L8+1,0,2/3,1,1) -> 0 | O8: =IF(L8>0,1,0) -> 0 | P8: =VLOOKUP(LEFT(C8,LEN(C8)-4)&"_"&D8&"_llm.dfy",S:T,2,0) -> 33 | Q8: =VLOOKUP(C8,Locs!A:C,3,0) -> 44 | R8: =VLOOKUP(C8,Locs!A:F,6,0) -> 1 | S8: BubbleSort_4_llm.dfy | T8: 33
A9: 8 | B9: =C9&"-"&D9 -> BubbleSort.dfy-5 | C9: BubbleSort.dfy | D9: 5 | E9: 0 | F9: 17.0624 | G9: 1.2777 | H9: 17.0599 | I9: 0 | J9: 0 | K9: 0 | L9: =COUNTIFS(C:C,C9,E:E,1) -> 0 | M9: =_xlfn.MINIFS(D:D,C:C,C9,E:E,1) -> 0 | N9: =CHOOSE(L9+1,0,2/3,1,1) -> 0 | O9: =IF(L9>0,1,0) -> 0 | P9: =VLOOKUP(LEFT(C9,LEN(C9)-4)&"_"&D9&"_llm.dfy",S:T,2,0) -> 33 | Q9: =VLOOKUP(C9,Locs!A:C,3,0) -> 44 | R9: =VLOOKUP(C9,Locs!A:F,6,0) -> 1 | S9: BubbleSort_5_llm.dfy | T9: 33
A10: 9 | B10: =C10&"-"&D10 -> Catalan.dfy-1 | C10: Catalan.dfy | D10: 1 | E10: 1 | F10: 12.6106 | G10: 0.7775 | H10: 12.6025 | I10: 1 | J10: 1 | K10: 1 | L10: =COUNTIFS(C:C,C10,E:E,1) -> 3 | M10: =_xlfn.MINIFS(D:D,C:C,C10,E:E,1) -> 1 | N10: =CHOOSE(L10+1,0,2/3,1,1) -> 1 | O10: =IF(L10>0,1,0) -> 1 | P10: =VLOOKUP(LEFT(C10,LEN(C10)-4)&"_"&D10&"_llm.dfy",S:T,2,0) -> 31 | Q10: =VLOOKUP(C10,Locs!A:C,3,0) -> 28 | R10: =VLOOKUP(C10,Locs!A:F,6,0) -> 0 | S10: Catalan_1_llm.dfy | T10: 31
A11: 10 | B11: =C11&"-"&D11 -> Catalan.dfy-2 | C11: Catalan.dfy | D11: 2 | E11: 1 | F11: 11.8157 | G11: 0.8661 | H11: 11.8143 | I11: 1 | J11: 1 | K11: 1 | L11: =COUNTIFS(C:C,C11,E:E,1) -> 3 | M11: =_xlfn.MINIFS(D:D,C:C,C11,E:E,1) -> 1 | N11: =CHOOSE(L11+1,0,2/3,1,1) -> 1 | O11: =IF(L11>0,1,0) -> 1 | P11: =VLOOKUP(LEFT(C11,LEN(C11)-4)&"_"&D11&"_llm.dfy",S:T,2,0) -> 30 | Q11: =VLOOKUP(C11,Locs!A:C,3,0) -> 28 | R11: =VLOOKUP(C11,Locs!A:F,6,0) -> 0 | S11: Catalan_2_llm.dfy | T11: 30
A12: 11 | B12: =C12&"-"&D12 -> Catalan.dfy-3 | C12: Catalan.dfy | D12: 3 | E12: 1 | F12: 12.3147 | G12: 0.9839 | H12: 12.3081 | I12: 1 | J12: 1 | K12: 1 | L12: =COUNTIFS(C:C,C12,E:E,1) -> 3 | M12: =_xlfn.MINIFS(D:D,C:C,C12,E:E,1) -> 1 | N12: =CHOOSE(L12+1,0,2/3,1,1) -> 1 | O12: =IF(L12>0,1,0) -> 1 | P12: =VLOOKUP(LEFT(C12,LEN(C12)-4)&"_"&D12&"_llm.dfy",S:T,2,0) -> 30 | Q12: =VLOOKUP(C12,Locs!A:C,3,0) -> 28 | R12: =VLOOKUP(C12,Locs!A:F,6,0) -> 0 | S12: Catalan_3_llm.dfy | T12: 30
A13: 12 | B13: =C13&"-"&D13 -> CombNK.dfy-1 | C13: CombNK.dfy | D13: 1 | E13: 1 | F13: 17.3715 | G13: 1.6486 | H13: 17.3685 | I13: 1 | J13: 1 | K13: 1 | L13: =COUNTIFS(C:C,C13,E:E,1) -> 3 | M13: =_xlfn.MINIFS(D:D,C:C,C13,E:E,1) -> 1 | N13: =CHOOSE(L13+1,0,2/3,1,1) -> 1 | O13: =IF(L13>0,1,0) -> 1 | P13: =VLOOKUP(LEFT(C13,LEN(C13)-4)&"_"&D13&"_llm.dfy",S:T,2,0) -> 41 | Q13: =VLOOKUP(C13,Locs!A:C,3,0) -> 38 | R13: =VLOOKUP(C13,Locs!A:F,6,0) -> 0 | S13: CombNK_1_llm.dfy | T13: 41
... A331: 330 | B331: =C331&"-"&D331 -> task_id_605.dfy-2 | C331: task_id_605.dfy | D331: 2 | E331: 0 | F331: 7.0493 | G331: 0.723 | H331: 7.0476 | I331: 1 | J331: 0 | K331: 0 | L331: =COUNTIFS(C:C,C331,E:E,1) -> 0 | M331: =_xlfn.MINIFS(D:D,C:C,C331,E:E,1) -> 0 | N331: =CHOOSE(L331+1,0,2/3,1,1) -> 0 | O331: =IF(L331>0,1,0) -> 0 | P331: =VLOOKUP(LEFT(C331,LEN(C331)-4)&"_"&D331&"_llm.dfy",S:T,2,0) -> 21 | Q331: =VLOOKUP(C331,Locs!A:C,3,0) -> 22 | R331: =VLOOKUP(C331,Locs!A:F,6,0) -> 1 | S331: task_id_605_2_llm.dfy | T331: 21
B332: =C332&"-"&D332 -> task_id_605.dfy-3 | C332: task_id_605.dfy | D332: 3 | E332: 0 | F332: 7.4308 | G332: 0.7249 | H332: 7.4295 | I332: 1 | J332: 0 | K332: 0 | L332: =COUNTIFS(C:C,C332,E:E,1) -> 0 | M332: =_xlfn.MINIFS(D:D,C:C,C332,E:E,1) -> 0 | N332: =CHOOSE(L332+1,0,2/3,1,1) -> 0 | O332: =IF(L332>0,1,0) -> 0 | P332: =VLOOKUP(LEFT(C332,LEN(C332)-4)&"_"&D332&"_llm.dfy",S:T,2,0) -> 21 | Q332: =VLOOKUP(C332,Locs!A:C,3,0) -> 22 | R332: =VLOOKUP(C332,Locs!A:F,6,0) -> 1 | S332: task_id_605_3_llm.dfy | T332: 21
B333: =C333&"-"&D333 -> task_id_605.dfy-4 | C333: task_id_605.dfy | D333: 4 | E333: 0 | F333: 7.6145 | G333: 0.7543 | H333: 7.5908 | I333: 1 | J333: 0 | K333: 0 | L333: =COUNTIFS(C:C,C333,E:E,1) -> 0 | M333: =_xlfn.MINIFS(D:D,C:C,C333,E:E,1) -> 0 | N333: =CHOOSE(L333+1,0,2/3,1,1) -> 0 | O333: =IF(L333>0,1,0) -> 0 | P333: =VLOOKUP(LEFT(C333,LEN(C333)-4)&"_"&D333&"_llm.dfy",S:T,2,0) -> 21 | Q333: =VLOOKUP(C333,Locs!A:C,3,0) -> 22 | R333: =VLOOKUP(C333,Locs!A:F,6,0) -> 1 | S333: task_id_605_4_llm.dfy | T333: 21
B334: =C334&"-"&D334 -> task_id_605.dfy-5 | C334: task_id_605.dfy | D334: 5 | E334: 0 | F334: 7.5523 | G334: 0.7443 | H334: 7.5506 | I334: 1 | J334: 0 | K334: 0 | L334: =COUNTIFS(C:C,C334,E:E,1) -> 0 | M334: =_xlfn.MINIFS(D:D,C:C,C334,E:E,1) -> 0 | N334: =CHOOSE(L334+1,0,2/3,1,1) -> 0 | O334: =IF(L334>0,1,0) -> 0 | P334: =VLOOKUP(LEFT(C334,LEN(C334)-4)&"_"&D334&"_llm.dfy",S:T,2,0) -> 21 | Q334: =VLOOKUP(C334,Locs!A:C,3,0) -> 22 | R334: =VLOOKUP(C334,Locs!A:F,6,0) -> 1 | S334: task_id_605_5_llm.dfy | T334: 21
B335: =C335&"-"&D335 -> task_id_610.dfy-1 | C335: task_id_610.dfy | D335: 1 | E335: 1 | F335: 13.0823 | G335: 0.7552 | H335: 13.0619 | I335: 1 | J335: 1 | K335: 1 | L335: =COUNTIFS(C:C,C335,E:E,1) -> 3 | M335: =_xlfn.MINIFS(D:D,C:C,C335,E:E,1) -> 1 | N335: =CHOOSE(L335+1,0,2/3,1,1) -> 1 | O335: =IF(L335>0,1,0) -> 1 | P335: =VLOOKUP(LEFT(C335,LEN(C335)-4)&"_"&D335&"_llm.dfy",S:T,2,0) -> 30 | Q335: =VLOOKUP(C335,Locs!A:C,3,0) -> 26 | R335: =VLOOKUP(C335,Locs!A:F,6,0) -> 0 | S335: task_id_610_1_llm.dfy | T335: 30
B336: =C336&"-"&D336 -> task_id_610.dfy-2 | C336: task_id_610.dfy | D336: 2 | E336: 1 | F336: 13.2833 | G336: 0.7358 | H336: 13.2815 | I336: 1 | J336: 1 | K336: 1 | L336: =COUNTIFS(C:C,C336,E:E,1) -> 3 | M336: =_xlfn.MINIFS(D:D,C:C,C336,E:E,1) -> 1 | N336: =CHOOSE(L336+1,0,2/3,1,1) -> 1 | O336: =IF(L336>0,1,0) -> 1 | P336: =VLOOKUP(LEFT(C336,LEN(C336)-4)&"_"&D336&"_llm.dfy",S:T,2,0) -> 30 | Q336: =VLOOKUP(C336,Locs!A:C,3,0) -> 26 | R336: =VLOOKUP(C336,Locs!A:F,6,0) -> 0 | S336: task_id_610_2_llm.dfy | T336: 30
B337: =C337&"-"&D337 -> task_id_610.dfy-3 | C337: task_id_610.dfy | D337: 3 | E337: 1 | F337: 13.1681 | G337: 0.7295 | H337: 13.1666 | I337: 1 | J337: 1 | K337: 1 | L337: =COUNTIFS(C:C,C337,E:E,1) -> 3 | M337: =_xlfn.MINIFS(D:D,C:C,C337,E:E,1) -> 1 | N337: =CHOOSE(L337+1,0,2/3,1,1) -> 1 | O337: =IF(L337>0,1,0) -> 1 | P337: =VLOOKUP(LEFT(C337,LEN(C337)-4)&"_"&D337&"_llm.dfy",S:T,2,0) -> 30 | Q337: =VLOOKUP(C337,Locs!A:C,3,0) -> 26 | R337: =VLOOKUP(C337,Locs!A:F,6,0) -> 0 | S337: task_id_610_3_llm.dfy | T337: 30
B338: =C338&"-"&D338 -> task_id_616.dfy-1 | C338: task_id_616.dfy | D338: 1 | E338: 1 | F338: 11.9028 | G338: 0.7749 | H338: 11.881 | I338: 1 | J338: 1 | K338: 1 | L338: =COUNTIFS(C:C,C338,E:E,1) -> 3 | M338: =_xlfn.MINIFS(D:D,C:C,C338,E:E,1) -> 1 | N338: =CHOOSE(L338+1,0,2/3,1,1) -> 1 | O338: =IF(L338>0,1,0) -> 1 | P338: =VLOOKUP(LEFT(C338,LEN(C338)-4)&"_"&D338&"_llm.dfy",S:T,2,0) -> 25 | Q338: =VLOOKUP(C338,Locs!A:C,3,0) -> 24 | R338: =VLOOKUP(C338,Locs!A:F,6,0) -> 0 | S338: task_id_616_1_llm.dfy | T338: 25
B339: =C339&"-"&D339 -> task_id_616.dfy-2 | C339: task_id_616.dfy | D339: 2 | E339: 1 | F339: 12.2737 | G339: 0.7882 | H339: 12.2721 | I339: 1 | J339: 1 | K339: 1 | L339: =COUNTIFS(C:C,C339,E:E,1) -> 3 | M339: =_xlfn.MINIFS(D:D,C:C,C339,E:E,1) -> 1 | N339: =CHOOSE(L339+1,0,2/3,1,1) -> 1 | O339: =IF(L339>0,1,0) -> 1 | P339: =VLOOKUP(LEFT(C339,LEN(C339)-4)&"_"&D339&"_llm.dfy",S:T,2,0) -> 26 | Q339: =VLOOKUP(C339,Locs!A:C,3,0) -> 24 | R339: =VLOOKUP(C339,Locs!A:F,6,0) -> 0 | S339: task_id_616_2_llm.dfy | T339: 26
B340: =C340&"-"&D340 -> task_id_616.dfy-3 | C340: task_id_616.dfy | D340: 3 | E340: 1 | F340: 11.9468 | G340: 0.7693 | H340: 11.9453 | I340: 1 | J340: 1 | K340: 1 | L340: =COUNTIFS(C:C,C340,E:E,1) -> 3 | M340: =_xlfn.MINIFS(D:D,C:C,C340,E:E,1) -> 1 | N340: =CHOOSE(L340+1,0,2/3,1,1) -> 1 | O340: =IF(L340>0,1,0) -> 1 | P340: =VLOOKUP(LEFT(C340,LEN(C340)-4)&"_"&D340&"_llm.dfy",S:T,2,0) -> 25 | Q340: =VLOOKUP(C340,Locs!A:C,3,0) -> 24 | R340: =VLOOKUP(C340,Locs!A:F,6,0) -> 0 | S340: task_id_616_3_llm.dfy | T340: 25
B341: =C341&"-"&D341 -> task_id_62.dfy-1 | C341: task_id_62.dfy | D341: 1 | E341: 0 | F341: 8.9809 | G341: 0.7769 | H341: 8.9626 | I341: 1 | J341: 0 | K341: 0 | L341: =COUNTIFS(C:C,C341,E:E,1) -> 0 | M341: =_xlfn.MINIFS(D:D,C:C,C341,E:E,1) -> 0 | N341: =CHOOSE(L341+1,0,2/3,1,1) -> 0 | O341: =IF(L341>0,1,0) -> 0 | P341: =VLOOKUP(LEFT(C341,LEN(C341)-4)&"_"&D341&"_llm.dfy",S:T,2,0) -> 27 | Q341: =VLOOKUP(C341,Locs!A:C,3,0) -> 30 | R341: =VLOOKUP(C341,Locs!A:F,6,0) -> 3 | S341: task_id_623_1_llm.dfy | T341: 24
B342: =C342&"-"&D342 -> task_id_62.dfy-2 | C342: task_id_62.dfy | D342: 2 | E342: 0 | F342: 9.4725 | G342: 1.3215 | H342: 9.4703 | I342: 1 | J342: 0 | K342: 0 | L342: =COUNTIFS(C:C,C342,E:E,1) -> 0 | M342: =_xlfn.MINIFS(D:D,C:C,C342,E:E,1) -> 0 | N342: =CHOOSE(L342+1,0,2/3,1,1) -> 0 | O342: =IF(L342>0,1,0) -> 0 | P342: =VLOOKUP(LEFT(C342,LEN(C342)-4)&"_"&D342&"_llm.dfy",S:T,2,0) -> 27 | Q342: =VLOOKUP(C342,Locs!A:C,3,0) -> 30 | R342: =VLOOKUP(C342,Locs!A:F,6,0) -> 3 | S342: task_id_623_2_llm.dfy | T342: 24
B343: =C343&"-"&D343 -> task_id_62.dfy-3 | C343: task_id_62.dfy | D343: 3 | E343: 0 | F343: 9.3196 | G343: 1.2323 | H343: 9.3169 | I343: 1 | J343: 0 | K343: 0 | L343: =COUNTIFS(C:C,C343,E:E,1) -> 0 | M343: =_xlfn.MINIFS(D:D,C:C,C343,E:E,1) -> 0 | N343: =CHOOSE(L343+1,0,2/3,1,1) -> 0 | O343: =IF(L343>0,1,0) -> 0 | P343: =VLOOKUP(LEFT(C343,LEN(C343)-4)&"_"&D343&"_llm.dfy",S:T,2,0) -> 27 | Q343: =VLOOKUP(C343,Locs!A:C,3,0) -> 30 | R343: =VLOOKUP(C343,Locs!A:F,6,0) -> 3 | S343: task_id_623_3_llm.dfy | T343: 24
... B479: =C479&"-"&D479 -> task_id_95.dfy-5 | C479: task_id_95.dfy | D479: 5 | E479: 0 | F479: 11.4065 | G479: 1.3078 | H479: 11.4039 | I479: 1 | J479: 0 | K479: 0 | L479: =COUNTIFS(C:C,C479,E:E,1) -> 0 | M479: =_xlfn.MINIFS(D:D,C:C,C479,E:E,1) -> 0 | N479: =CHOOSE(L479+1,0,2/3,1,1) -> 0 | O479: =IF(L479>0,1,0) -> 0 | P479: =VLOOKUP(LEFT(C479,LEN(C479)-4)&"_"&D479&"_llm.dfy",S:T,2,0) -> 29 | Q479: =VLOOKUP(C479,Locs!A:C,3,0) -> 32 | R479: =VLOOKUP(C479,Locs!A:F,6,0) -> 6 | S479: task_id_95_5_llm.dfy | T479: 29

Sheet Results_GPT4New
A1: Ordering | B1: Key | C1: Filename | D1: Attempt | E1: Success | F1: Time Gen | G1: Time Ver | H1: Time API Call | I1: Success Merged Original | J1: Success Raw | K1: Success Postprocessed | L1: C | M1: Attempts to Success | N1: 2 | O1: 3 | P1: LOC llm | Q1: LOC man | R1: Helpers + lemmas | S1: n to pass | T1: File | U1: LOC
A2: 1 | B2: =C2&"-"&D2 -> BinarySearch.dfy-1 | C2: BinarySearch.dfy | D2: 1 | E2: 0 | F2: 15.3973 | G2: 1.6893 | H2: 15.3707 | I2: -1 | J2: 0 | K2: 0 | L2: =COUNTIFS(C:C,C2,E:E,1) -> 0 | M2: =_xlfn.MINIFS(D:D,C:C,C2,E:E,1) -> 0 | N2: =CHOOSE(L2+1,0,2/3,1,1) -> 0 | O2: =IF(L2>0,1,0) -> 0 | P2: =VLOOKUP(LEFT(C2,LEN(C2)-4)&"_"&D2&"_llm.dfy",T:U,2,0) -> 42 | Q2: =VLOOKUP(C2,Locs!A:C,3,0) -> 38 | R2: =VLOOKUP(C2,Locs!A:F,6,0) -> 0 | S2: =_xlfn.MINIFS(D:D,C:C,C2,E:E,1) -> 0 | T2: BinarySearch_1_llm.dfy | U2: 42
A3: 2 | B3: =C3&"-"&D3 -> BinarySearch.dfy-2 | C3: BinarySearch.dfy | D3: 2 | E3: 0 | F3: 15.404 | G3: 2.2738 | H3: 15.4022 | I3: -1 | J3: 0 | K3: 0 | L3: =COUNTIFS(C:C,C3,E:E,1) -> 0 | M3: =_xlfn.MINIFS(D:D,C:C,C3,E:E,1) -> 0 | N3: =CHOOSE(L3+1,0,2/3,1,1) -> 0 | O3: =IF(L3>0,1,0) -> 0 | P3: =VLOOKUP(LEFT(C3,LEN(C3)-4)&"_"&D3&"_llm.dfy",T:U,2,0) -> 40 | Q3: =VLOOKUP(C3,Locs!A:C,3,0) -> 38 | R3: =VLOOKUP(C3,Locs!A:F,6,0) -> 0 | S3: =_xlfn.MINIFS(D:D,C:C,C3,E:E,1) -> 0 | T3: BinarySearch_2_llm.dfy | U3: 40
A4: 3 | B4: =C4&"-"&D4 -> BinarySearch.dfy-3 | C4: BinarySearch.dfy | D4: 3 | E4: 0 | F4: 24.8425 | G4: 2.2721 | H4: 24.8401 | I4: -1 | J4: 0 | K4: 0 | L4: =COUNTIFS(C:C,C4,E:E,1) -> 0 | M4: =_xlfn.MINIFS(D:D,C:C,C4,E:E,1) -> 0 | N4: =CHOOSE(L4+1,0,2/3,1,1) -> 0 | O4: =IF(L4>0,1,0) -> 0 | P4: =VLOOKUP(LEFT(C4,LEN(C4)-4)&"_"&D4&"_llm.dfy",T:U,2,0) -> 40 | Q4: =VLOOKUP(C4,Locs!A:C,3,0) -> 38 | R4: =VLOOKUP(C4,Locs!A:F,6,0) -> 0 | S4: =_xlfn.MINIFS(D:D,C:C,C4,E:E,1) -> 0 | T4: BinarySearch_3_llm.dfy | U4: 40
A5: 4 | B5: =C5&"-"&D5 -> BinarySearch.dfy-4 | C5: BinarySearch.dfy | D5: 4 | E5: -1 | F5: 30.4759 | G5: 0.5863 | H5: 30.4666 | I5: -1 | J5: -1 | K5: -1 | L5: =COUNTIFS(C:C,C5,E:E,1) -> 0 | M5: =_xlfn.MINIFS(D:D,C:C,C5,E:E,1) -> 0 | N5: =CHOOSE(L5+1,0,2/3,1,1) -> 0 | O5: =IF(L5>0,1,0) -> 0 | P5: =VLOOKUP(LEFT(C5,LEN(C5)-4)&"_"&D5&"_llm.dfy",T:U,2,0) -> 47 | Q5: =VLOOKUP(C5,Locs!A:C,3,0) -> 38 | R5: =VLOOKUP(C5,Locs!A:F,6,0) -> 0 | S5: =_xlfn.MINIFS(D:D,C:C,C5,E:E,1) -> 0 | T5: BinarySearch_4_llm.dfy | U5: 47
A6: 5 | B6: =C6&"-"&D6 -> BinarySearch.dfy-5 | C6: BinarySearch.dfy | D6: 5 | E6: -1 | F6: 12.6489 | G6: 0.367 | H6: 12.6466 | I6: -1 | J6: -1 | K6: -1 | L6: =COUNTIFS(C:C,C6,E:E,1) -> 0 | M6: =_xlfn.MINIFS(D:D,C:C,C6,E:E,1) -> 0 | N6: =CHOOSE(L6+1,0,2/3,1,1) -> 0 | O6: =IF(L6>0,1,0) -> 0 | P6: =VLOOKUP(LEFT(C6,LEN(C6)-4)&"_"&D6&"_llm.dfy",T:U,2,0) -> 41 | Q6: =VLOOKUP(C6,Locs!A:C,3,0) -> 38 | R6: =VLOOKUP(C6,Locs!A:F,6,0) -> 0 | S6: =_xlfn.MINIFS(D:D,C:C,C6,E:E,1) -> 0 | T6: BinarySearch_5_llm.dfy | U6: 41
A7: 6 | B7: =C7&"-"&D7 -> BubbleSort.dfy-1 | C7: BubbleSort.dfy | D7: 1 | E7: -1 | F7: 12.5077 | G7: 0.3955 | H7: 12.4879 | I7: -1 | J7: -1 | K7: -1 | L7: =COUNTIFS(C:C,C7,E:E,1) -> 0 | M7: =_xlfn.MINIFS(D:D,C:C,C7,E:E,1) -> 0 | N7: =CHOOSE(L7+1,0,2/3,1,1) -> 0 | O7: =IF(L7>0,1,0) -> 0 | P7: =VLOOKUP(LEFT(C7,LEN(C7)-4)&"_"&D7&"_llm.dfy",T:U,2,0) -> 47 | Q7: =VLOOKUP(C7,Locs!A:C,3,0) -> 44 | R7: =VLOOKUP(C7,Locs!A:F,6,0) -> 1 | S7: =_xlfn.MINIFS(D:D,C:C,C7,E:E,1) -> 0 | T7: BubbleSort_1_llm.dfy | U7: 47
A8: 7 | B8: =C8&"-"&D8 -> BubbleSort.dfy-2 | C8: BubbleSort.dfy | D8: 2 | E8: 0 | F8: 16.7301 | G8: 71.4419 | H8: 16.7233 | I8: -1 | J8: 0 | K8: 0 | L8: =COUNTIFS(C:C,C8,E:E,1) -> 0 | M8: =_xlfn.MINIFS(D:D,C:C,C8,E:E,1) -> 0 | N8: =CHOOSE(L8+1,0,2/3,1,1) -> 0 | O8: =IF(L8>0,1,0) -> 0 | P8: =VLOOKUP(LEFT(C8,LEN(C8)-4)&"_"&D8&"_llm.dfy",T:U,2,0) -> 47 | Q8: =VLOOKUP(C8,Locs!A:C,3,0) -> 44 | R8: =VLOOKUP(C8,Locs!A:F,6,0) -> 1 | S8: =_xlfn.MINIFS(D:D,C:C,C8,E:E,1) -> 0 | T8: BubbleSort_2_llm.dfy | U8: 47
A9: 8 | B9: =C9&"-"&D9 -> BubbleSort.dfy-3 | C9: BubbleSort.dfy | D9: 3 | E9: 0 | F9: 16.6746 | G9: 2.3656 | H9: 16.6722 | I9: -1 | J9: 0 | K9: 0 | L9: =COUNTIFS(C:C,C9,E:E,1) -> 0 | M9: =_xlfn.MINIFS(D:D,C:C,C9,E:E,1) -> 0 | N9: =CHOOSE(L9+1,0,2/3,1,1) -> 0 | O9: =IF(L9>0,1,0) -> 0 | P9: =VLOOKUP(LEFT(C9,LEN(C9)-4)&"_"&D9&"_llm.dfy",T:U,2,0) -> 47 | Q9: =VLOOKUP(C9,Locs!A:C,3,0) -> 44 | R9: =VLOOKUP(C9,Locs!A:F,6,0) -> 1 | S9: =_xlfn.MINIFS(D:D,C:C,C9,E:E,1) -> 0 | T9: BubbleSort_3_llm.dfy | U9: 47
A10: 9 | B10: =C10&"-"&D10 -> BubbleSort.dfy-4 | C10: BubbleSort.dfy | D10: 4 | E10: -1 | F10: 15.6096 | G10: 0.6612 | H10: 15.6004 | I10: -1 | J10: -1 | K10: -1 | L10: =COUNTIFS(C:C,C10,E:E,1) -> 0 | M10: =_xlfn.MINIFS(D:D,C:C,C10,E:E,1) -> 0 | N10: =CHOOSE(L10+1,0,2/3,1,1) -> 0 | O10: =IF(L10>0,1,0) -> 0 | P10: =VLOOKUP(LEFT(C10,LEN(C10)-4)&"_"&D10&"_llm.dfy",T:U,2,0) -> 38 | Q10: =VLOOKUP(C10,Locs!A:C,3,0) -> 44 | R10: =VLOOKUP(C10,Locs!A:F,6,0) -> 1 | S10: =_xlfn.MINIFS(D:D,C:C,C10,E:E,1) -> 0 | T10: BubbleSort_4_llm.dfy | U10: 38
A11: 10 | B11: =C11&"-"&D11 -> BubbleSort.dfy-5 | C11: BubbleSort.dfy | D11: 5 | E11: 0 | F11: 33.3228 | G11: 2.8311 | H11: 33.3206 | I11: -1 | J11: 0 | K11: 0 | L11: =COUNTIFS(C:C,C11,E:E,1) -> 0 | M11: =_xlfn.MINIFS(D:D,C:C,C11,E:E,1) -> 0 | N11: =CHOOSE(L11+1,0,2/3,1,1) -> 0 | O11: =IF(L11>0,1,0) -> 0 | P11: =VLOOKUP(LEFT(C11,LEN(C11)-4)&"_"&D11&"_llm.dfy",T:U,2,0) -> 46 | Q11: =VLOOKUP(C11,Locs!A:C,3,0) -> 44 | R11: =VLOOKUP(C11,Locs!A:F,6,0) -> 1 | S11: =_xlfn.MINIFS(D:D,C:C,C11,E:E,1) -> 0 | T11: BubbleSort_5_llm.dfy | U11: 46
A12: 11 | B12: =C12&"-"&D12 -> Catalan.dfy-1 | C12: Catalan.dfy | D12: 1 | E12: 1 | F12: 10.1458 | G12: 3.3643 | H12: 10.1233 | I12: 1 | J12: 1 | K12: 1 | L12: =COUNTIFS(C:C,C12,E:E,1) -> 1 | M12: =_xlfn.MINIFS(D:D,C:C,C12,E:E,1) -> 1 | N12: =CHOOSE(L12+1,0,2/3,1,1) -> 0.66666667 | O12: =IF(L12>0,1,0) -> 1 | P12: =VLOOKUP(LEFT(C12,LEN(C12)-4)&"_"&D12&"_llm.dfy",T:U,2,0) -> 31 | Q12: =VLOOKUP(C12,Locs!A:C,3,0) -> 28 | R12: =VLOOKUP(C12,Locs!A:F,6,0) -> 0 | S12: =_xlfn.MINIFS(D:D,C:C,C12,E:E,1) -> 1 | T12: Catalan_1_llm.dfy | U12: 31
A13: 12 | B13: =C13&"-"&D13 -> CombNK.dfy-1 | C13: CombNK.dfy | D13: 1 | E13: 0 | F13: 15.2814 | G13: 1.5982 | H13: 15.2524 | I13: -1 | J13: 0 | K13: 0 | L13: =COUNTIFS(C:C,C13,E:E,1) -> 0 | M13: =_xlfn.MINIFS(D:D,C:C,C13,E:E,1) -> 0 | N13: =CHOOSE(L13+1,0,2/3,1,1) -> 0 | O13: =IF(L13>0,1,0) -> 0 | P13: =VLOOKUP(LEFT(C13,LEN(C13)-4)&"_"&D13&"_llm.dfy",T:U,2,0) -> 42 | Q13: =VLOOKUP(C13,Locs!A:C,3,0) -> 38 | R13: =VLOOKUP(C13,Locs!A:F,6,0) -> 0 | S13: =_xlfn.MINIFS(D:D,C:C,C13,E:E,1) -> 0 | T13: CombNK_1_llm.dfy | U13: 42
... A331: 330 | B331: =C331&"-"&D331 -> task_id_627.dfy-3 | C331: task_id_627.dfy | D331: 3 | E331: 0 | F331: 8.6352 | G331: 1.287 | H331: 8.6315 | I331: 1 | J331: 0 | K331: 0 | L331: =COUNTIFS(C:C,C331,E:E,1) -> 0 | M331: =_xlfn.MINIFS(D:D,C:C,C331,E:E,1) -> 0 | N331: =CHOOSE(L331+1,0,2/3,1,1) -> 0 | O331: =IF(L331>0,1,0) -> 0 | P331: =VLOOKUP(LEFT(C331,LEN(C331)-4)&"_"&D331&"_llm.dfy",T:U,2,0) -> 28 | Q331: =VLOOKUP(C331,Locs!A:C,3,0) -> 36 | R331: =VLOOKUP(C331,Locs!A:F,6,0) -> 6 | S331: =_xlfn.MINIFS(D:D,C:C,C331,E:E,1) -> 0 | T331: task_id_629_3_llm.dfy | U331: 36
B332: =C332&"-"&D332 -> task_id_627.dfy-4 | C332: task_id_627.dfy | D332: 4 | E332: -1 | F332: 10.0104 | G332: 0.3942 | H332: 10.0079 | I332: -1 | J332: -1 | K332: -1 | L332: =COUNTIFS(C:C,C332,E:E,1) -> 0 | M332: =_xlfn.MINIFS(D:D,C:C,C332,E:E,1) -> 0 | N332: =CHOOSE(L332+1,0,2/3,1,1) -> 0 | O332: =IF(L332>0,1,0) -> 0 | P332: =VLOOKUP(LEFT(C332,LEN(C332)-4)&"_"&D332&"_llm.dfy",T:U,2,0) -> 29 | Q332: =VLOOKUP(C332,Locs!A:C,3,0) -> 36 | R332: =VLOOKUP(C332,Locs!A:F,6,0) -> 6 | S332: =_xlfn.MINIFS(D:D,C:C,C332,E:E,1) -> 0 | T332: task_id_629_4_llm.dfy | U332: 37
B333: =C333&"-"&D333 -> task_id_627.dfy-5 | C333: task_id_627.dfy | D333: 5 | E333: -1 | F333: 7.5349 | G333: 0.5834 | H333: 7.5268 | I333: -1 | J333: -1 | K333: -1 | L333: =COUNTIFS(C:C,C333,E:E,1) -> 0 | M333: =_xlfn.MINIFS(D:D,C:C,C333,E:E,1) -> 0 | N333: =CHOOSE(L333+1,0,2/3,1,1) -> 0 | O333: =IF(L333>0,1,0) -> 0 | P333: =VLOOKUP(LEFT(C333,LEN(C333)-4)&"_"&D333&"_llm.dfy",T:U,2,0) -> 29 | Q333: =VLOOKUP(C333,Locs!A:C,3,0) -> 36 | R333: =VLOOKUP(C333,Locs!A:F,6,0) -> 6 | S333: =_xlfn.MINIFS(D:D,C:C,C333,E:E,1) -> 0 | T333: task_id_629_5_llm.dfy | U333: 36
B334: =C334&"-"&D334 -> task_id_629.dfy-1 | C334: task_id_629.dfy | D334: 1 | E334: 0 | F334: 19.3741 | G334: 2.3825 | H334: 19.3556 | I334: 0 | J334: 0 | K334: 0 | L334: =COUNTIFS(C:C,C334,E:E,1) -> 0 | M334: =_xlfn.MINIFS(D:D,C:C,C334,E:E,1) -> 0 | N334: =CHOOSE(L334+1,0,2/3,1,1) -> 0 | O334: =IF(L334>0,1,0) -> 0 | P334: =VLOOKUP(LEFT(C334,LEN(C334)-4)&"_"&D334&"_llm.dfy",T:U,2,0) -> 37 | Q334: =VLOOKUP(C334,Locs!A:C,3,0) -> 49 | R334: =VLOOKUP(C334,Locs!A:F,6,0) -> 2 | S334: =_xlfn.MINIFS(D:D,C:C,C334,E:E,1) -> 0 | T334: task_id_62_1_llm.dfy | U334: 27
B335: =C335&"-"&D335 -> task_id_629.dfy-2 | C335: task_id_629.dfy | D335: 2 | E335: 0 | F335: 18.539 | G335: 2.3387 | H335: 18.5364 | I335: 0 | J335: 0 | K335: 0 | L335: =COUNTIFS(C:C,C335,E:E,1) -> 0 | M335: =_xlfn.MINIFS(D:D,C:C,C335,E:E,1) -> 0 | N335: =CHOOSE(L335+1,0,2/3,1,1) -> 0 | O335: =IF(L335>0,1,0) -> 0 | P335: =VLOOKUP(LEFT(C335,LEN(C335)-4)&"_"&D335&"_llm.dfy",T:U,2,0) -> 36 | Q335: =VLOOKUP(C335,Locs!A:C,3,0) -> 49 | R335: =VLOOKUP(C335,Locs!A:F,6,0) -> 2 | S335: =_xlfn.MINIFS(D:D,C:C,C335,E:E,1) -> 0 | T335: task_id_62_2_llm.dfy | U335: 25
B336: =C336&"-"&D336 -> task_id_629.dfy-3 | C336: task_id_629.dfy | D336: 3 | E336: -1 | F336: 20.8544 | G336: 0.6567 | H336: 20.8511 | I336: -1 | J336: -1 | K336: -1 | L336: =COUNTIFS(C:C,C336,E:E,1) -> 0 | M336: =_xlfn.MINIFS(D:D,C:C,C336,E:E,1) -> 0 | N336: =CHOOSE(L336+1,0,2/3,1,1) -> 0 | O336: =IF(L336>0,1,0) -> 0 | P336: =VLOOKUP(LEFT(C336,LEN(C336)-4)&"_"&D336&"_llm.dfy",T:U,2,0) -> 36 | Q336: =VLOOKUP(C336,Locs!A:C,3,0) -> 49 | R336: =VLOOKUP(C336,Locs!A:F,6,0) -> 2 | S336: =_xlfn.MINIFS(D:D,C:C,C336,E:E,1) -> 0 | T336: task_id_62_3_llm.dfy | U336: 25
B337: =C337&"-"&D337 -> task_id_629.dfy-4 | C337: task_id_629.dfy | D337: 4 | E337: -1 | F337: 15.5706 | G337: 0.6451 | H337: 15.5674 | I337: -1 | J337: -1 | K337: -1 | L337: =COUNTIFS(C:C,C337,E:E,1) -> 0 | M337: =_xlfn.MINIFS(D:D,C:C,C337,E:E,1) -> 0 | N337: =CHOOSE(L337+1,0,2/3,1,1) -> 0 | O337: =IF(L337>0,1,0) -> 0 | P337: =VLOOKUP(LEFT(C337,LEN(C337)-4)&"_"&D337&"_llm.dfy",T:U,2,0) -> 37 | Q337: =VLOOKUP(C337,Locs!A:C,3,0) -> 49 | R337: =VLOOKUP(C337,Locs!A:F,6,0) -> 2 | S337: =_xlfn.MINIFS(D:D,C:C,C337,E:E,1) -> 0 | T337: task_id_62_4_llm.dfy | U337: 25
B338: =C338&"-"&D338 -> task_id_629.dfy-5 | C338: task_id_629.dfy | D338: 5 | E338: -1 | F338: 10.8483 | G338: 0.6401 | H338: 10.84 | I338: -1 | J338: -1 | K338: -1 | L338: =COUNTIFS(C:C,C338,E:E,1) -> 0 | M338: =_xlfn.MINIFS(D:D,C:C,C338,E:E,1) -> 0 | N338: =CHOOSE(L338+1,0,2/3,1,1) -> 0 | O338: =IF(L338>0,1,0) -> 0 | P338: =VLOOKUP(LEFT(C338,LEN(C338)-4)&"_"&D338&"_llm.dfy",T:U,2,0) -> 36 | Q338: =VLOOKUP(C338,Locs!A:C,3,0) -> 49 | R338: =VLOOKUP(C338,Locs!A:F,6,0) -> 2 | S338: =_xlfn.MINIFS(D:D,C:C,C338,E:E,1) -> 0 | T338: task_id_62_5_llm.dfy | U338: 31
B339: =C339&"-"&D339 -> task_id_632.dfy-1 | C339: task_id_632.dfy | D339: 1 | E339: -1 | F339: 13.5495 | G339: 0.6218 | H339: 13.523 | I339: -1 | J339: -1 | K339: -1 | L339: =COUNTIFS(C:C,C339,E:E,1) -> 0 | M339: =_xlfn.MINIFS(D:D,C:C,C339,E:E,1) -> 0 | N339: =CHOOSE(L339+1,0,2/3,1,1) -> 0 | O339: =IF(L339>0,1,0) -> 0 | P339: =VLOOKUP(LEFT(C339,LEN(C339)-4)&"_"&D339&"_llm.dfy",T:U,2,0) -> 29 | Q339: =VLOOKUP(C339,Locs!A:C,3,0) -> 48 | R339: =VLOOKUP(C339,Locs!A:F,6,0) -> 2 | S339: =_xlfn.MINIFS(D:D,C:C,C339,E:E,1) -> 0 | T339: task_id_632_1_llm.dfy | U339: 29
B340: =C340&"-"&D340 -> task_id_632.dfy-2 | C340: task_id_632.dfy | D340: 2 | E340: -1 | F340: 10.0909 | G340: 0.6129 | H340: 10.0877 | I340: -1 | J340: -1 | K340: -1 | L340: =COUNTIFS(C:C,C340,E:E,1) -> 0 | M340: =_xlfn.MINIFS(D:D,C:C,C340,E:E,1) -> 0 | N340: =CHOOSE(L340+1,0,2/3,1,1) -> 0 | O340: =IF(L340>0,1,0) -> 0 | P340: =VLOOKUP(LEFT(C340,LEN(C340)-4)&"_"&D340&"_llm.dfy",T:U,2,0) -> 32 | Q340: =VLOOKUP(C340,Locs!A:C,3,0) -> 48 | R340: =VLOOKUP(C340,Locs!A:F,6,0) -> 2 | S340: =_xlfn.MINIFS(D:D,C:C,C340,E:E,1) -> 0 | T340: task_id_632_2_llm.dfy | U340: 32
B341: =C341&"-"&D341 -> task_id_632.dfy-3 | C341: task_id_632.dfy | D341: 3 | E341: -1 | F341: 16.8356 | G341: 0.6137 | H341: 16.8287 | I341: -1 | J341: -1 | K341: -1 | L341: =COUNTIFS(C:C,C341,E:E,1) -> 0 | M341: =_xlfn.MINIFS(D:D,C:C,C341,E:E,1) -> 0 | N341: =CHOOSE(L341+1,0,2/3,1,1) -> 0 | O341: =IF(L341>0,1,0) -> 0 | P341: =VLOOKUP(LEFT(C341,LEN(C341)-4)&"_"&D341&"_llm.dfy",T:U,2,0) -> 33 | Q341: =VLOOKUP(C341,Locs!A:C,3,0) -> 48 | R341: =VLOOKUP(C341,Locs!A:F,6,0) -> 2 | S341: =_xlfn.MINIFS(D:D,C:C,C341,E:E,1) -> 0 | T341: task_id_632_3_llm.dfy | U341: 33
B342: =C342&"-"&D342 -> task_id_632.dfy-4 | C342: task_id_632.dfy | D342: 4 | E342: 0 | F342: 17.7764 | G342: 1.4164 | H342: 17.7684 | I342: 0 | J342: 0 | K342: 0 | L342: =COUNTIFS(C:C,C342,E:E,1) -> 0 | M342: =_xlfn.MINIFS(D:D,C:C,C342,E:E,1) -> 0 | N342: =CHOOSE(L342+1,0,2/3,1,1) -> 0 | O342: =IF(L342>0,1,0) -> 0 | P342: =VLOOKUP(LEFT(C342,LEN(C342)-4)&"_"&D342&"_llm.dfy",T:U,2,0) -> 31 | Q342: =VLOOKUP(C342,Locs!A:C,3,0) -> 48 | R342: =VLOOKUP(C342,Locs!A:F,6,0) -> 2 | S342: =_xlfn.MINIFS(D:D,C:C,C342,E:E,1) -> 0 | T342: task_id_632_4_llm.dfy | U342: 31
B343: =C343&"-"&D343 -> task_id_632.dfy-5 | C343: task_id_632.dfy | D343: 5 | E343: -1 | F343: 12.8223 | G343: 0.6418 | H343: 12.8137 | I343: -1 | J343: -1 | K343: -1 | L343: =COUNTIFS(C:C,C343,E:E,1) -> 0 | M343: =_xlfn.MINIFS(D:D,C:C,C343,E:E,1) -> 0 | N343: =CHOOSE(L343+1,0,2/3,1,1) -> 0 | O343: =IF(L343>0,1,0) -> 0 | P343: =VLOOKUP(LEFT(C343,LEN(C343)-4)&"_"&D343&"_llm.dfy",T:U,2,0) -> 31 | Q343: =VLOOKUP(C343,Locs!A:C,3,0) -> 48 | R343: =VLOOKUP(C343,Locs!A:F,6,0) -> 2 | S343: =_xlfn.MINIFS(D:D,C:C,C343,E:E,1) -> 0 | T343: task_id_632_5_llm.dfy | U343: 31
... B441: =C441&"-"&D441 -> task_id_95.dfy-5 | C441: task_id_95.dfy | D441: 5 | E441: 0 | F441: 8.9248 | G441: 1.2835 | H441: 8.9223 | I441: 1 | J441: 0 | K441: 0 | L441: =COUNTIFS(C:C,C441,E:E,1) -> 0 | M441: =_xlfn.MINIFS(D:D,C:C,C441,E:E,1) -> 0 | N441: =CHOOSE(L441+1,0,2/3,1,1) -> 0 | O441: =IF(L441>0,1,0) -> 0 | P441: =VLOOKUP(LEFT(C441,LEN(C441)-4)&"_"&D441&"_llm.dfy",T:U,2,0) -> 29 | Q441: =VLOOKUP(C441,Locs!A:C,3,0) -> 32 | R441: =VLOOKUP(C441,Locs!A:F,6,0) -> 6 | S441: =_xlfn.MINIFS(D:D,C:C,C441,E:E,1) -> 0 | T441: task_id_95_5_llm.dfy | U441: 29

Sheet Results_ParallelRepair
A1: Ordering | B1: Key | C1: Filename | D1: Attempt | E1: Success | F1: Time Gen | G1: Time Ver | H1: Time API Call | I1: Success Merged Original | J1: Success Raw | K1: Success Postprocessed | L1: C | M1: Attempts to Success | N1: pass@2 | O1: pass@3 | P1: LOC llm | Q1: LOC man | R1: Helpers + lemmas | S1: Selected | T1: Model | U1: Succ Claude | V1: Succ GPT | W1: LOC Claude | X1: LOC GPT
A2: 1 | B2: =C2&"-"&D2 -> BinarySearch.dfy-1 | C2: BinarySearch.dfy | D2: 1 | E2: =MAX(IFERROR(VLOOKUP(B2,'Results_ClaudeOpus4.5Repair'!B:E,4,0),0),IFERROR(VLOOKUP(B2,'Results_GPT5.2LowRepair'!B:E,4,0),0)) -> 1 | F2: =MAX(IFERROR(VLOOKUP(B2,'Results_ClaudeOpus4.5Repair'!B:H,5,0),0),IFERROR(VLOOKUP(B2,'Results_GPT5.2LowRepair'!B:H,5,0),0)) -> 22.8852 | G2: =MAX(IFERROR(VLOOKUP(B2,'Results_ClaudeOpus4.5Repair'!B:H,6,0),0),IFERROR(VLOOKUP(B2,'Results_GPT5.2LowRepair'!B:H,6,0),0)) -> 2.2347 | H2: =MAX(IFERROR(VLOOKUP(B2,'Results_ClaudeOpus4.5Repair'!B:H,7,0),0),IFERROR(VLOOKUP(B2,'Results_GPT5.2LowRepair'!B:H,7,0),0)) -> 22.8823 | I2: =MAX(IFERROR(VLOOKUP(B2,'Results_ClaudeOpus4.5Repair'!B:I,8,0),0),IFERROR(VLOOKUP(B2,'Results_GPT5.2LowRepair'!B:I,8,0),0)) -> 1 | J2: 1 | K2: 1 | L2: =COUNTIFS(C:C,C2,E:E,1) -> 1 | M2: =_xlfn.MINIFS(D:D,C:C,C2,E:E,1) -> 1 | N2: =CHOOSE(L2+1,0,2/3,1,1) -> 0.66666667 | O2: =IF(L2>0,1,0) -> 1 | P2: =IF(T2="Claude",W2,X2) -> 44 | Q2: =VLOOKUP(C2,Locs!A:C,3,0) -> 38 | R2: =VLOOKUP(C2,Locs!A:F,6,0) -> 0 | S2: =IF(M2=D2,1,0) -> 1 | T2: =IF(S2=0,"",IF(AND(U2=1,V2=1),IF(W2<=X2,"Claude","GPT"),IF(U2=1,"Claude","GPT"))) -> Claude | U2: =IFERROR(VLOOKUP(B2,'Results_ClaudeOpus4.5Repair'!B:E,4,0),"") -> 1 | V2: =IFERROR(VLOOKUP(B2,'Results_GPT5.2LowRepair'!B:E,4,0),"") -> 1 | W2: =IFERROR(VLOOKUP(LEFT(C2,LEN(C2)-4)&"_"&D2&"_llm.dfy",'Results_ClaudeOpus4.5Repair'!O:P,2,0),"") -> 44 | X2: =IFERROR(VLOOKUP(LEFT(C2,LEN(C2)-4)&"_"&D2&"_llm.dfy",'Results_GPT5.2LowRepair'!O:P,2,0),"") -> 44
A3: 2 | B3: =C3&"-"&D3 -> BubbleSort.dfy-1 | C3: BubbleSort.dfy | D3: 1 | E3: =MAX(IFERROR(VLOOKUP(B3,'Results_ClaudeOpus4.5Repair'!B:E,4,0),0),IFERROR(VLOOKUP(B3,'Results_GPT5.2LowRepair'!B:E,4,0),0)) -> 0 | F3: =MAX(IFERROR(VLOOKUP(B3,'Results_ClaudeOpus4.5Repair'!B:H,5,0),0),IFERROR(VLOOKUP(B3,'Results_GPT5.2LowRepair'!B:H,5,0),0)) -> 129.6288 | G3: =MAX(IFERROR(VLOOKUP(B3,'Results_ClaudeOpus4.5Repair'!B:H,6,0),0),IFERROR(VLOOKUP(B3,'Results_GPT5.2LowRepair'!B:H,6,0),0)) -> 2.8634 | H3: =MAX(IFERROR(VLOOKUP(B3,'Results_ClaudeOpus4.5Repair'!B:H,7,0),0),IFERROR(VLOOKUP(B3,'Results_GPT5.2LowRepair'!B:H,7,0),0)) -> 129.6247 | I3: =MAX(IFERROR(VLOOKUP(B3,'Results_ClaudeOpus4.5Repair'!B:I,8,0),0),IFERROR(VLOOKUP(B3,'Results_GPT5.2LowRepair'!B:I,8,0),0)) -> -1 | J3: 1 | K3: 1 | L3: =COUNTIFS(C:C,C3,E:E,1) -> 1 | M3: =_xlfn.MINIFS(D:D,C:C,C3,E:E,1) -> 3 | N3: =CHOOSE(L3+1,0,2/3,1,1) -> 0.66666667 | O3: =IF(L3>0,1,0) -> 1 | P3: =IF(T3="Claude",W3,X3) -> 132 | Q3: =VLOOKUP(C3,Locs!A:C,3,0) -> 44 | R3: =VLOOKUP(C3,Locs!A:F,6,0) -> 1 | S3: =IF(M3=D3,1,0) -> 0 | T3: =IF(S3=0,"",IF(AND(U3=1,V3=1),IF(W3<=X3,"Claude","GPT"),IF(U3=1,"Claude","GPT"))) | U3: =IFERROR(VLOOKUP(B3,'Results_ClaudeOpus4.5Repair'!B:E,4,0),"") -> 0 | V3: =IFERROR(VLOOKUP(B3,'Results_GPT5.2LowRepair'!B:E,4,0),"") -> -1 | W3: =IFERROR(VLOOKUP(LEFT(C3,LEN(C3)-4)&"_"&D3&"_llm.dfy",'Results_ClaudeOpus4.5Repair'!O:P,2,0),"") -> 50 | X3: =IFERROR(VLOOKUP(LEFT(C3,LEN(C3)-4)&"_"&D3&"_llm.dfy",'Results_GPT5.2LowRepair'!O:P,2,0),"") -> 132
A4: 3 | B4: =C4&"-"&D4 -> BubbleSort.dfy-2 | C4: BubbleSort.dfy | D4: 2 | E4: =MAX(IFERROR(VLOOKUP(B4,'Results_ClaudeOpus4.5Repair'!B:E,4,0),0),IFERROR(VLOOKUP(B4,'Results_GPT5.2LowRepair'!B:E,4,0),0)) -> 0 | F4: =MAX(IFERROR(VLOOKUP(B4,'Results_ClaudeOpus4.5Repair'!B:H,5,0),0),IFERROR(VLOOKUP(B4,'Results_GPT5.2LowRepair'!B:H,5,0),0)) -> 40.6079 | G4: =MAX(IFERROR(VLOOKUP(B4,'Results_ClaudeOpus4.5Repair'!B:H,6,0),0),IFERROR(VLOOKUP(B4,'Results_GPT5.2LowRepair'!B:H,6,0),0)) -> 2.9649 | H4: =MAX(IFERROR(VLOOKUP(B4,'Results_ClaudeOpus4.5Repair'!B:H,7,0),0),IFERROR(VLOOKUP(B4,'Results_GPT5.2LowRepair'!B:H,7,0),0)) -> 40.6054 | I4: =MAX(IFERROR(VLOOKUP(B4,'Results_ClaudeOpus4.5Repair'!B:I,8,0),0),IFERROR(VLOOKUP(B4,'Results_GPT5.2LowRepair'!B:I,8,0),0)) -> -1 | J4: 1 | K4: 1 | L4: =COUNTIFS(C:C,C4,E:E,1) -> 1 | M4: =_xlfn.MINIFS(D:D,C:C,C4,E:E,1) -> 3 | N4: =CHOOSE(L4+1,0,2/3,1,1) -> 0.66666667 | O4: =IF(L4>0,1,0) -> 1 | P4: =IF(T4="Claude",W4,X4) -> 137 | Q4: =VLOOKUP(C4,Locs!A:C,3,0) -> 44 | R4: =VLOOKUP(C4,Locs!A:F,6,0) -> 1 | S4: =IF(M4=D4,1,0) -> 0 | T4: =IF(S4=0,"",IF(AND(U4=1,V4=1),IF(W4<=X4,"Claude","GPT"),IF(U4=1,"Claude","GPT"))) | U4: =IFERROR(VLOOKUP(B4,'Results_ClaudeOpus4.5Repair'!B:E,4,0),"") -> 0 | V4: =IFERROR(VLOOKUP(B4,'Results_GPT5.2LowRepair'!B:E,4,0),"") -> -1 | W4: =IFERROR(VLOOKUP(LEFT(C4,LEN(C4)-4)&"_"&D4&"_llm.dfy",'Results_ClaudeOpus4.5Repair'!O:P,2,0),"") -> 83 | X4: =IFERROR(VLOOKUP(LEFT(C4,LEN(C4)-4)&"_"&D4&"_llm.dfy",'Results_GPT5.2LowRepair'!O:P,2,0),"") -> 137
A5: 4 | B5: =C5&"-"&D5 -> BubbleSort.dfy-3 | C5: BubbleSort.dfy | D5: 3 | E5: =MAX(IFERROR(VLOOKUP(B5,'Results_ClaudeOpus4.5Repair'!B:E,4,0),0),IFERROR(VLOOKUP(B5,'Results_GPT5.2LowRepair'!B:E,4,0),0)) -> 1 | F5: =MAX(IFERROR(VLOOKUP(B5,'Results_ClaudeOpus4.5Repair'!B:H,5,0),0),IFERROR(VLOOKUP(B5,'Results_GPT5.2LowRepair'!B:H,5,0),0)) -> 27.5156 | G5: =MAX(IFERROR(VLOOKUP(B5,'Results_ClaudeOpus4.5Repair'!B:H,6,0),0),IFERROR(VLOOKUP(B5,'Results_GPT5.2LowRepair'!B:H,6,0),0)) -> 2.987 | H5: =MAX(IFERROR(VLOOKUP(B5,'Results_ClaudeOpus4.5Repair'!B:H,7,0),0),IFERROR(VLOOKUP(B5,'Results_GPT5.2LowRepair'!B:H,7,0),0)) -> 27.5088 | I5: =MAX(IFERROR(VLOOKUP(B5,'Results_ClaudeOpus4.5Repair'!B:I,8,0),0),IFERROR(VLOOKUP(B5,'Results_GPT5.2LowRepair'!B:I,8,0),0)) -> 1 | J5: 0 | K5: 0 | L5: =COUNTIFS(C:C,C5,E:E,1) -> 1 | M5: =_xlfn.MINIFS(D:D,C:C,C5,E:E,1) -> 3 | N5: =CHOOSE(L5+1,0,2/3,1,1) -> 0.66666667 | O5: =IF(L5>0,1,0) -> 1 | P5: =IF(T5="Claude",W5,X5) -> 93 | Q5: =VLOOKUP(C5,Locs!A:C,3,0) -> 44 | R5: =VLOOKUP(C5,Locs!A:F,6,0) -> 1 | S5: =IF(M5=D5,1,0) -> 1 | T5: =IF(S5=0,"",IF(AND(U5=1,V5=1),IF(W5<=X5,"Claude","GPT"),IF(U5=1,"Claude","GPT"))) -> Claude | U5: =IFERROR(VLOOKUP(B5,'Results_ClaudeOpus4.5Repair'!B:E,4,0),"") -> 1 | V5: =IFERROR(VLOOKUP(B5,'Results_GPT5.2LowRepair'!B:E,4,0),"") -> -1 | W5: =IFERROR(VLOOKUP(LEFT(C5,LEN(C5)-4)&"_"&D5&"_llm.dfy",'Results_ClaudeOpus4.5Repair'!O:P,2,0),"") -> 93 | X5: =IFERROR(VLOOKUP(LEFT(C5,LEN(C5)-4)&"_"&D5&"_llm.dfy",'Results_GPT5.2LowRepair'!O:P,2,0),"") -> 153
A6: 5 | B6: =C6&"-"&D6 -> BubbleSort.dfy-4 | C6: BubbleSort.dfy | D6: 4 | E6: =MAX(IFERROR(VLOOKUP(B6,'Results_ClaudeOpus4.5Repair'!B:E,4,0),0),IFERROR(VLOOKUP(B6,'Results_GPT5.2LowRepair'!B:E,4,0),0)) -> 0 | F6: =MAX(IFERROR(VLOOKUP(B6,'Results_ClaudeOpus4.5Repair'!B:H,5,0),0),IFERROR(VLOOKUP(B6,'Results_GPT5.2LowRepair'!B:H,5,0),0)) -> 24.6776 | G6: =MAX(IFERROR(VLOOKUP(B6,'Results_ClaudeOpus4.5Repair'!B:H,6,0),0),IFERROR(VLOOKUP(B6,'Results_GPT5.2LowRepair'!B:H,6,0),0)) -> 0.4022 | H6: =MAX(IFERROR(VLOOKUP(B6,'Results_ClaudeOpus4.5Repair'!B:H,7,0),0),IFERROR(VLOOKUP(B6,'Results_GPT5.2LowRepair'!B:H,7,0),0)) -> 24.6744 | I6: =MAX(IFERROR(VLOOKUP(B6,'Results_ClaudeOpus4.5Repair'!B:I,8,0),0),IFERROR(VLOOKUP(B6,'Results_GPT5.2LowRepair'!B:I,8,0),0)) -> 0 | J6: 0 | K6: 0 | L6: =COUNTIFS(C:C,C6,E:E,1) -> 1 | M6: =_xlfn.MINIFS(D:D,C:C,C6,E:E,1) -> 3 | N6: =CHOOSE(L6+1,0,2/3,1,1) -> 0.66666667 | O6: =IF(L6>0,1,0) -> 1 | P6: =IF(T6="Claude",W6,X6) -> 164 | Q6: =VLOOKUP(C6,Locs!A:C,3,0) -> 44 | R6: =VLOOKUP(C6,Locs!A:F,6,0) -> 1 | S6: =IF(M6=D6,1,0) -> 0 | T6: =IF(S6=0,"",IF(AND(U6=1,V6=1),IF(W6<=X6,"Claude","GPT"),IF(U6=1,"Claude","GPT"))) | U6: =IFERROR(VLOOKUP(B6,'Results_ClaudeOpus4.5Repair'!B:E,4,0),"") | V6: =IFERROR(VLOOKUP(B6,'Results_GPT5.2LowRepair'!B:E,4,0),"") -> -1 | W6: =IFERROR(VLOOKUP(LEFT(C6,LEN(C6)-4)&"_"&D6&"_llm.dfy",'Results_ClaudeOpus4.5Repair'!O:P,2,0),"") | X6: =IFERROR(VLOOKUP(LEFT(C6,LEN(C6)-4)&"_"&D6&"_llm.dfy",'Results_GPT5.2LowRepair'!O:P,2,0),"") -> 164
A7: 6 | B7: =C7&"-"&D7 -> BubbleSort.dfy-5 | C7: BubbleSort.dfy | D7: 5 | E7: =MAX(IFERROR(VLOOKUP(B7,'Results_ClaudeOpus4.5Repair'!B:E,4,0),0),IFERROR(VLOOKUP(B7,'Results_GPT5.2LowRepair'!B:E,4,0),0)) -> 0 | F7: =MAX(IFERROR(VLOOKUP(B7,'Results_ClaudeOpus4.5Repair'!B:H,5,0),0),IFERROR(VLOOKUP(B7,'Results_GPT5.2LowRepair'!B:H,5,0),0)) -> 26.4071 | G7: =MAX(IFERROR(VLOOKUP(B7,'Results_ClaudeOpus4.5Repair'!B:H,6,0),0),IFERROR(VLOOKUP(B7,'Results_GPT5.2LowRepair'!B:H,6,0),0)) -> 0.4368 | H7: =MAX(IFERROR(VLOOKUP(B7,'Results_ClaudeOpus4.5Repair'!B:H,7,0),0),IFERROR(VLOOKUP(B7,'Results_GPT5.2LowRepair'!B:H,7,0),0)) -> 26.4045 | I7: =MAX(IFERROR(VLOOKUP(B7,'Results_ClaudeOpus4.5Repair'!B:I,8,0),0),IFERROR(VLOOKUP(B7,'Results_GPT5.2LowRepair'!B:I,8,0),0)) -> 0 | J7: 0 | K7: 0 | L7: =COUNTIFS(C:C,C7,E:E,1) -> 1 | M7: =_xlfn.MINIFS(D:D,C:C,C7,E:E,1) -> 3 | N7: =CHOOSE(L7+1,0,2/3,1,1) -> 0.66666667 | O7: =IF(L7>0,1,0) -> 1 | P7: =IF(T7="Claude",W7,X7) -> 164 | Q7: =VLOOKUP(C7,Locs!A:C,3,0) -> 44 | R7: =VLOOKUP(C7,Locs!A:F,6,0) -> 1 | S7: =IF(M7=D7,1,0) -> 0 | T7: =IF(S7=0,"",IF(AND(U7=1,V7=1),IF(W7<=X7,"Claude","GPT"),IF(U7=1,"Claude","GPT"))) | U7: =IFERROR(VLOOKUP(B7,'Results_ClaudeOpus4.5Repair'!B:E,4,0),"") | V7: =IFERROR(VLOOKUP(B7,'Results_GPT5.2LowRepair'!B:E,4,0),"") -> -1 | W7: =IFERROR(VLOOKUP(LEFT(C7,LEN(C7)-4)&"_"&D7&"_llm.dfy",'Results_ClaudeOpus4.5Repair'!O:P,2,0),"") | X7: =IFERROR(VLOOKUP(LEFT(C7,LEN(C7)-4)&"_"&D7&"_llm.dfy",'Results_GPT5.2LowRepair'!O:P,2,0),"") -> 164
A8: 7 | B8: =C8&"-"&D8 -> BubbleSort.dfy-6 | C8: BubbleSort.dfy | D8: 6 | E8: =MAX(IFERROR(VLOOKUP(B8,'Results_ClaudeOpus4.5Repair'!B:E,4,0),0),IFERROR(VLOOKUP(B8,'Results_GPT5.2LowRepair'!B:E,4,0),0)) -> 0 | F8: =MAX(IFERROR(VLOOKUP(B8,'Results_ClaudeOpus4.5Repair'!B:H,5,0),0),IFERROR(VLOOKUP(B8,'Results_GPT5.2LowRepair'!B:H,5,0),0)) -> 15.1403 | G8: =MAX(IFERROR(VLOOKUP(B8,'Results_ClaudeOpus4.5Repair'!B:H,6,0),0),IFERROR(VLOOKUP(B8,'Results_GPT5.2LowRepair'!B:H,6,0),0)) -> 0.3941 | H8: =MAX(IFERROR(VLOOKUP(B8,'Results_ClaudeOpus4.5Repair'!B:H,7,0),0),IFERROR(VLOOKUP(B8,'Results_GPT5.2LowRepair'!B:H,7,0),0)) -> 15.1379 | I8: =MAX(IFERROR(VLOOKUP(B8,'Results_ClaudeOpus4.5Repair'!B:I,8,0),0),IFERROR(VLOOKUP(B8,'Results_GPT5.2LowRepair'!B:I,8,0),0)) -> 0 | J8: 1 | K8: 1 | L8: =COUNTIFS(C:C,C8,E:E,1) -> 1 | M8: =_xlfn.MINIFS(D:D,C:C,C8,E:E,1) -> 3 | N8: =CHOOSE(L8+1,0,2/3,1,1) -> 0.66666667 | O8: =IF(L8>0,1,0) -> 1 | P8: =IF(T8="Claude",W8,X8) -> 163 | Q8: =VLOOKUP(C8,Locs!A:C,3,0) -> 44 | R8: =VLOOKUP(C8,Locs!A:F,6,0) -> 1 | S8: =IF(M8=D8,1,0) -> 0 | T8: =IF(S8=0,"",IF(AND(U8=1,V8=1),IF(W8<=X8,"Claude","GPT"),IF(U8=1,"Claude","GPT"))) | U8: =IFERROR(VLOOKUP(B8,'Results_ClaudeOpus4.5Repair'!B:E,4,0),"") | V8: =IFERROR(VLOOKUP(B8,'Results_GPT5.2LowRepair'!B:E,4,0),"") -> -1 | W8: =IFERROR(VLOOKUP(LEFT(C8,LEN(C8)-4)&"_"&D8&"_llm.dfy",'Results_ClaudeOpus4.5Repair'!O:P,2,0),"") | X8: =IFERROR(VLOOKUP(LEFT(C8,LEN(C8)-4)&"_"&D8&"_llm.dfy",'Results_GPT5.2LowRepair'!O:P,2,0),"") -> 163
A9: 8 | B9: =C9&"-"&D9 -> BubbleSort.dfy-7 | C9: BubbleSort.dfy | D9: 7 | E9: =MAX(IFERROR(VLOOKUP(B9,'Results_ClaudeOpus4.5Repair'!B:E,4,0),0),IFERROR(VLOOKUP(B9,'Results_GPT5.2LowRepair'!B:E,4,0),0)) -> 0 | F9: =MAX(IFERROR(VLOOKUP(B9,'Results_ClaudeOpus4.5Repair'!B:H,5,0),0),IFERROR(VLOOKUP(B9,'Results_GPT5.2LowRepair'!B:H,5,0),0)) -> 26.0392 | G9: =MAX(IFERROR(VLOOKUP(B9,'Results_ClaudeOpus4.5Repair'!B:H,6,0),0),IFERROR(VLOOKUP(B9,'Results_GPT5.2LowRepair'!B:H,6,0),0)) -> 0.3925 | H9: =MAX(IFERROR(VLOOKUP(B9,'Results_ClaudeOpus4.5Repair'!B:H,7,0),0),IFERROR(VLOOKUP(B9,'Results_GPT5.2LowRepair'!B:H,7,0),0)) -> 26.0359 | I9: =MAX(IFERROR(VLOOKUP(B9,'Results_ClaudeOpus4.5Repair'!B:I,8,0),0),IFERROR(VLOOKUP(B9,'Results_GPT5.2LowRepair'!B:I,8,0),0)) -> 0 | J9: 1 | K9: 1 | L9: =COUNTIFS(C:C,C9,E:E,1) -> 1 | M9: =_xlfn.MINIFS(D:D,C:C,C9,E:E,1) -> 3 | N9: =CHOOSE(L9+1,0,2/3,1,1) -> 0.66666667 | O9: =IF(L9>0,1,0) -> 1 | P9: =IF(T9="Claude",W9,X9) -> 163 | Q9: =VLOOKUP(C9,Locs!A:C,3,0) -> 44 | R9: =VLOOKUP(C9,Locs!A:F,6,0) -> 1 | S9: =IF(M9=D9,1,0) -> 0 | T9: =IF(S9=0,"",IF(AND(U9=1,V9=1),IF(W9<=X9,"Claude","GPT"),IF(U9=1,"Claude","GPT"))) | U9: =IFERROR(VLOOKUP(B9,'Results_ClaudeOpus4.5Repair'!B:E,4,0),"") | V9: =IFERROR(VLOOKUP(B9,'Results_GPT5.2LowRepair'!B:E,4,0),"") -> -1 | W9: =IFERROR(VLOOKUP(LEFT(C9,LEN(C9)-4)&"_"&D9&"_llm.dfy",'Results_ClaudeOpus4.5Repair'!O:P,2,0),"") | X9: =IFERROR(VLOOKUP(LEFT(C9,LEN(C9)-4)&"_"&D9&"_llm.dfy",'Results_GPT5.2LowRepair'!O:P,2,0),"") -> 163
A10: 9 | B10: =C10&"-"&D10 -> BubbleSort.dfy-8 | C10: BubbleSort.dfy | D10: 8 | E10: =MAX(IFERROR(VLOOKUP(B10,'Results_ClaudeOpus4.5Repair'!B:E,4,0),0),IFERROR(VLOOKUP(B10,'Results_GPT5.2LowRepair'!B:E,4,0),0)) -> 0 | F10: =MAX(IFERROR(VLOOKUP(B10,'Results_ClaudeOpus4.5Repair'!B:H,5,0),0),IFERROR(VLOOKUP(B10,'Results_GPT5.2LowRepair'!B:H,5,0),0)) -> 43.4334 | G10: =MAX(IFERROR(VLOOKUP(B10,'Results_ClaudeOpus4.5Repair'!B:H,6,0),0),IFERROR(VLOOKUP(B10,'Results_GPT5.2LowRepair'!B:H,6,0),0)) -> 0.3978 | H10: =MAX(IFERROR(VLOOKUP(B10,'Results_ClaudeOpus4.5Repair'!B:H,7,0),0),IFERROR(VLOOKUP(B10,'Results_GPT5.2LowRepair'!B:H,7,0),0)) -> 43.431 | I10: =MAX(IFERROR(VLOOKUP(B10,'Results_ClaudeOpus4.5Repair'!B:I,8,0),0),IFERROR(VLOOKUP(B10,'Results_GPT5.2LowRepair'!B:I,8,0),0)) -> 0 | J10: 1 | K10: 1 | L10: =COUNTIFS(C:C,C10,E:E,1) -> 1 | M10: =_xlfn.MINIFS(D:D,C:C,C10,E:E,1) -> 3 | N10: =CHOOSE(L10+1,0,2/3,1,1) -> 0.66666667 | O10: =IF(L10>0,1,0) -> 1 | P10: =IF(T10="Claude",W10,X10) -> 172 | Q10: =VLOOKUP(C10,Locs!A:C,3,0) -> 44 | R10: =VLOOKUP(C10,Locs!A:F,6,0) -> 1 | S10: =IF(M10=D10,1,0) -> 0 | T10: =IF(S10=0,"",IF(AND(U10=1,V10=1),IF(W10<=X10,"Claude","GPT"),IF(U10=1,"Claude","GPT"))) | U10: =IFERROR(VLOOKUP(B10,'Results_ClaudeOpus4.5Repair'!B:E,4,0),"") | V10: =IFERROR(VLOOKUP(B10,'Results_GPT5.2LowRepair'!B:E,4,0),"") -> -1 | W10: =IFERROR(VLOOKUP(LEFT(C10,LEN(C10)-4)&"_"&D10&"_llm.dfy",'Results_ClaudeOpus4.5Repair'!O:P,2,0),"") | X10: =IFERROR(VLOOKUP(LEFT(C10,LEN(C10)-4)&"_"&D10&"_llm.dfy",'Results_GPT5.2LowRepair'!O:P,2,0),"") -> 172
A11: 10 | B11: =C11&"-"&D11 -> BubbleSort.dfy-9 | C11: BubbleSort.dfy | D11: 9 | E11: =MAX(IFERROR(VLOOKUP(B11,'Results_ClaudeOpus4.5Repair'!B:E,4,0),0),IFERROR(VLOOKUP(B11,'Results_GPT5.2LowRepair'!B:E,4,0),0)) -> 0 | F11: =MAX(IFERROR(VLOOKUP(B11,'Results_ClaudeOpus4.5Repair'!B:H,5,0),0),IFERROR(VLOOKUP(B11,'Results_GPT5.2LowRepair'!B:H,5,0),0)) -> 21.2274 | G11: =MAX(IFERROR(VLOOKUP(B11,'Results_ClaudeOpus4.5Repair'!B:H,6,0),0),IFERROR(VLOOKUP(B11,'Results_GPT5.2LowRepair'!B:H,6,0),0)) -> 0.3565 | H11: =MAX(IFERROR(VLOOKUP(B11,'Results_ClaudeOpus4.5Repair'!B:H,7,0),0),IFERROR(VLOOKUP(B11,'Results_GPT5.2LowRepair'!B:H,7,0),0)) -> 21.2178 | I11: =MAX(IFERROR(VLOOKUP(B11,'Results_ClaudeOpus4.5Repair'!B:I,8,0),0),IFERROR(VLOOKUP(B11,'Results_GPT5.2LowRepair'!B:I,8,0),0)) -> 0 | J11: 0 | K11: 0 | L11: =COUNTIFS(C:C,C11,E:E,1) -> 1 | M11: =_xlfn.MINIFS(D:D,C:C,C11,E:E,1) -> 3 | N11: =CHOOSE(L11+1,0,2/3,1,1) -> 0.66666667 | O11: =IF(L11>0,1,0) -> 1 | P11: =IF(T11="Claude",W11,X11) -> 172 | Q11: =VLOOKUP(C11,Locs!A:C,3,0) -> 44 | R11: =VLOOKUP(C11,Locs!A:F,6,0) -> 1 | S11: =IF(M11=D11,1,0) -> 0 | T11: =IF(S11=0,"",IF(AND(U11=1,V11=1),IF(W11<=X11,"Claude","GPT"),IF(U11=1,"Claude","GPT"))) | U11: =IFERROR(VLOOKUP(B11,'Results_ClaudeOpus4.5Repair'!B:E,4,0),"") | V11: =IFERROR(VLOOKUP(B11,'Results_GPT5.2LowRepair'!B:E,4,0),"") -> -1 | W11: =IFERROR(VLOOKUP(LEFT(C11,LEN(C11)-4)&"_"&D11&"_llm.dfy",'Results_ClaudeOpus4.5Repair'!O:P,2,0),"") | X11: =IFERROR(VLOOKUP(LEFT(C11,LEN(C11)-4)&"_"&D11&"_llm.dfy",'Results_GPT5.2LowRepair'!O:P,2,0),"") -> 172
A12: 11 | B12: =C12&"-"&D12 -> BubbleSort.dfy-10 | C12: BubbleSort.dfy | D12: 10 | E12: =MAX(IFERROR(VLOOKUP(B12,'Results_ClaudeOpus4.5Repair'!B:E,4,0),0),IFERROR(VLOOKUP(B12,'Results_GPT5.2LowRepair'!B:E,4,0),0)) -> 0 | F12: =MAX(IFERROR(VLOOKUP(B12,'Results_ClaudeOpus4.5Repair'!B:H,5,0),0),IFERROR(VLOOKUP(B12,'Results_GPT5.2LowRepair'!B:H,5,0),0)) -> 23.0468 | G12: =MAX(IFERROR(VLOOKUP(B12,'Results_ClaudeOpus4.5Repair'!B:H,6,0),0),IFERROR(VLOOKUP(B12,'Results_GPT5.2LowRepair'!B:H,6,0),0)) -> 0.2561 | H12: =MAX(IFERROR(VLOOKUP(B12,'Results_ClaudeOpus4.5Repair'!B:H,7,0),0),IFERROR(VLOOKUP(B12,'Results_GPT5.2LowRepair'!B:H,7,0),0)) -> 23.0438 | I12: =MAX(IFERROR(VLOOKUP(B12,'Results_ClaudeOpus4.5Repair'!B:I,8,0),0),IFERROR(VLOOKUP(B12,'Results_GPT5.2LowRepair'!B:I,8,0),0)) -> 0 | J12: 0 | K12: 0 | L12: =COUNTIFS(C:C,C12,E:E,1) -> 1 | M12: =_xlfn.MINIFS(D:D,C:C,C12,E:E,1) -> 3 | N12: =CHOOSE(L12+1,0,2/3,1,1) -> 0.66666667 | O12: =IF(L12>0,1,0) -> 1 | P12: =IF(T12="Claude",W12,X12) -> 172 | Q12: =VLOOKUP(C12,Locs!A:C,3,0) -> 44 | R12: =VLOOKUP(C12,Locs!A:F,6,0) -> 1 | S12: =IF(M12=D12,1,0) -> 0 | T12: =IF(S12=0,"",IF(AND(U12=1,V12=1),IF(W12<=X12,"Claude","GPT"),IF(U12=1,"Claude","GPT"))) | U12: =IFERROR(VLOOKUP(B12,'Results_ClaudeOpus4.5Repair'!B:E,4,0),"") | V12: =IFERROR(VLOOKUP(B12,'Results_GPT5.2LowRepair'!B:E,4,0),"") -> -1 | W12: =IFERROR(VLOOKUP(LEFT(C12,LEN(C12)-4)&"_"&D12&"_llm.dfy",'Results_ClaudeOpus4.5Repair'!O:P,2,0),"") | X12: =IFERROR(VLOOKUP(LEFT(C12,LEN(C12)-4)&"_"&D12&"_llm.dfy",'Results_GPT5.2LowRepair'!O:P,2,0),"") -> 172
A13: 12 | B13: =C13&"-"&D13 -> Catalan.dfy-1 | C13: Catalan.dfy | D13: 1 | E13: =MAX(IFERROR(VLOOKUP(B13,'Results_ClaudeOpus4.5Repair'!B:E,4,0),0),IFERROR(VLOOKUP(B13,'Results_GPT5.2LowRepair'!B:E,4,0),0)) -> 1 | F13: =MAX(IFERROR(VLOOKUP(B13,'Results_ClaudeOpus4.5Repair'!B:H,5,0),0),IFERROR(VLOOKUP(B13,'Results_GPT5.2LowRepair'!B:H,5,0),0)) -> 24.6429 | G13: =MAX(IFERROR(VLOOKUP(B13,'Results_ClaudeOpus4.5Repair'!B:H,6,0),0),IFERROR(VLOOKUP(B13,'Results_GPT5.2LowRepair'!B:H,6,0),0)) -> 61.7106 | H13: =MAX(IFERROR(VLOOKUP(B13,'Results_ClaudeOpus4.5Repair'!B:H,7,0),0),IFERROR(VLOOKUP(B13,'Results_GPT5.2LowRepair'!B:H,7,0),0)) -> 24.6404 | I13: =MAX(IFERROR(VLOOKUP(B13,'Results_ClaudeOpus4.5Repair'!B:I,8,0),0),IFERROR(VLOOKUP(B13,'Results_GPT5.2LowRepair'!B:I,8,0),0)) -> 1 | J13: 0 | K13: 0 | L13: =COUNTIFS(C:C,C13,E:E,1) -> 2 | M13: =_xlfn.MINIFS(D:D,C:C,C13,E:E,1) -> 1 | N13: =CHOOSE(L13+1,0,2/3,1,1) -> 1 | O13: =IF(L13>0,1,0) -> 1 | P13: =IF(T13="Claude",W13,X13) -> 30 | Q13: =VLOOKUP(C13,Locs!A:C,3,0) -> 28 | R13: =VLOOKUP(C13,Locs!A:F,6,0) -> 0 | S13: =IF(M13=D13,1,0) -> 1 | T13: =IF(S13=0,"",IF(AND(U13=1,V13=1),IF(W13<=X13,"Claude","GPT"),IF(U13=1,"Claude","GPT"))) -> Claude | U13: =IFERROR(VLOOKUP(B13,'Results_ClaudeOpus4.5Repair'!B:E,4,0),"") -> 1 | V13: =IFERROR(VLOOKUP(B13,'Results_GPT5.2LowRepair'!B:E,4,0),"") -> 0 | W13: =IFERROR(VLOOKUP(LEFT(C13,LEN(C13)-4)&"_"&D13&"_llm.dfy",'Results_ClaudeOpus4.5Repair'!O:P,2,0),"") -> 30 | X13: =IFERROR(VLOOKUP(LEFT(C13,LEN(C13)-4)&"_"&D13&"_llm.dfy",'Results_GPT5.2LowRepair'!O:P,2,0),"") -> 48
... A298: 330 | B298: =C298&"-"&D298 -> task_id_576.dfy-3 | C298: task_id_576.dfy | D298: 3 | E298: =MAX(IFERROR(VLOOKUP(B298,'Results_ClaudeOpus4.5Repair'!B:E,4,0),0),IFERROR(VLOOKUP(B298,'Results_GPT5.2LowRepair'!B:E,4,0),0)) -> 1 | F298: =MAX(IFERROR(VLOOKUP(B298,'Results_ClaudeOpus4.5Repair'!B:H,5,0),0),IFERROR(VLOOKUP(B298,'Results_GPT5.2LowRepair'!B:H,5,0),0)) -> 13.7262 | G298: =MAX(IFERROR(VLOOKUP(B298,'Results_ClaudeOpus4.5Repair'!B:H,6,0),0),IFERROR(VLOOKUP(B298,'Results_GPT5.2LowRepair'!B:H,6,0),0)) -> 1.702 | H298: =MAX(IFERROR(VLOOKUP(B298,'Results_ClaudeOpus4.5Repair'!B:H,7,0),0),IFERROR(VLOOKUP(B298,'Results_GPT5.2LowRepair'!B:H,7,0),0)) -> 13.7241 | I298: =MAX(IFERROR(VLOOKUP(B298,'Results_ClaudeOpus4.5Repair'!B:I,8,0),0),IFERROR(VLOOKUP(B298,'Results_GPT5.2LowRepair'!B:I,8,0),0)) -> 1 | J298: 0 | K298: 0 | L298: =COUNTIFS(C:C,C298,E:E,1) -> 1 | M298: =_xlfn.MINIFS(D:D,C:C,C298,E:E,1) -> 3 | N298: =CHOOSE(L298+1,0,2/3,1,1) -> 0.66666667 | O298: =IF(L298>0,1,0) -> 1 | P298: =IF(T298="Claude",W298,X298) -> 52 | Q298: =VLOOKUP(C298,Locs!A:C,3,0) -> 34 | R298: =VLOOKUP(C298,Locs!A:F,6,0) -> 5 | S298: =IF(M298=D298,1,0) -> 1 | T298: =IF(S298=0,"",IF(AND(U298=1,V298=1),IF(W298<=X298,"Claude","GPT"),IF(U298=1,"Claude","GPT"))) -> Claude | U298: =IFERROR(VLOOKUP(B298,'Results_ClaudeOpus4.5Repair'!B:E,4,0),"") -> 1 | V298: =IFERROR(VLOOKUP(B298,'Results_GPT5.2LowRepair'!B:E,4,0),"") -> 0 | W298: =IFERROR(VLOOKUP(LEFT(C298,LEN(C298)-4)&"_"&D298&"_llm.dfy",'Results_ClaudeOpus4.5Repair'!O:P,2,0),"") -> 52 | X298: =IFERROR(VLOOKUP(LEFT(C298,LEN(C298)-4)&"_"&D298&"_llm.dfy",'Results_GPT5.2LowRepair'!O:P,2,0),"") -> 62
B299: =C299&"-"&D299 -> task_id_576.dfy-4 | C299: task_id_576.dfy | D299: 4 | E299: =MAX(IFERROR(VLOOKUP(B299,'Results_ClaudeOpus4.5Repair'!B:E,4,0),0),IFERROR(VLOOKUP(B299,'Results_GPT5.2LowRepair'!B:E,4,0),0)) -> 0 | F299: =MAX(IFERROR(VLOOKUP(B299,'Results_ClaudeOpus4.5Repair'!B:H,5,0),0),IFERROR(VLOOKUP(B299,'Results_GPT5.2LowRepair'!B:H,5,0),0)) -> 37.04 | G299: =MAX(IFERROR(VLOOKUP(B299,'Results_ClaudeOpus4.5Repair'!B:H,6,0),0),IFERROR(VLOOKUP(B299,'Results_GPT5.2LowRepair'!B:H,6,0),0)) -> 0.4296 | H299: =MAX(IFERROR(VLOOKUP(B299,'Results_ClaudeOpus4.5Repair'!B:H,7,0),0),IFERROR(VLOOKUP(B299,'Results_GPT5.2LowRepair'!B:H,7,0),0)) -> 37.0381 | I299: =MAX(IFERROR(VLOOKUP(B299,'Results_ClaudeOpus4.5Repair'!B:I,8,0),0),IFERROR(VLOOKUP(B299,'Results_GPT5.2LowRepair'!B:I,8,0),0)) -> 0 | J299: 0 | K299: 0 | L299: =COUNTIFS(C:C,C299,E:E,1) -> 1 | M299: =_xlfn.MINIFS(D:D,C:C,C299,E:E,1) -> 3 | N299: =CHOOSE(L299+1,0,2/3,1,1) -> 0.66666667 | O299: =IF(L299>0,1,0) -> 1 | P299: =IF(T299="Claude",W299,X299) -> 78 | Q299: =VLOOKUP(C299,Locs!A:C,3,0) -> 34 | R299: =VLOOKUP(C299,Locs!A:F,6,0) -> 5 | S299: =IF(M299=D299,1,0) -> 0 | T299: =IF(S299=0,"",IF(AND(U299=1,V299=1),IF(W299<=X299,"Claude","GPT"),IF(U299=1,"Claude","GPT"))) | U299: =IFERROR(VLOOKUP(B299,'Results_ClaudeOpus4.5Repair'!B:E,4,0),"") | V299: =IFERROR(VLOOKUP(B299,'Results_GPT5.2LowRepair'!B:E,4,0),"") -> -1 | W299: =IFERROR(VLOOKUP(LEFT(C299,LEN(C299)-4)&"_"&D299&"_llm.dfy",'Results_ClaudeOpus4.5Repair'!O:P,2,0),"") | X299: =IFERROR(VLOOKUP(LEFT(C299,LEN(C299)-4)&"_"&D299&"_llm.dfy",'Results_GPT5.2LowRepair'!O:P,2,0),"") -> 78
B300: =C300&"-"&D300 -> task_id_576.dfy-5 | C300: task_id_576.dfy | D300: 5 | E300: =MAX(IFERROR(VLOOKUP(B300,'Results_ClaudeOpus4.5Repair'!B:E,4,0),0),IFERROR(VLOOKUP(B300,'Results_GPT5.2LowRepair'!B:E,4,0),0)) -> 0 | F300: =MAX(IFERROR(VLOOKUP(B300,'Results_ClaudeOpus4.5Repair'!B:H,5,0),0),IFERROR(VLOOKUP(B300,'Results_GPT5.2LowRepair'!B:H,5,0),0)) -> 24.4064 | G300: =MAX(IFERROR(VLOOKUP(B300,'Results_ClaudeOpus4.5Repair'!B:H,6,0),0),IFERROR(VLOOKUP(B300,'Results_GPT5.2LowRepair'!B:H,6,0),0)) -> 1.7371 | H300: =MAX(IFERROR(VLOOKUP(B300,'Results_ClaudeOpus4.5Repair'!B:H,7,0),0),IFERROR(VLOOKUP(B300,'Results_GPT5.2LowRepair'!B:H,7,0),0)) -> 24.4042 | I300: =MAX(IFERROR(VLOOKUP(B300,'Results_ClaudeOpus4.5Repair'!B:I,8,0),0),IFERROR(VLOOKUP(B300,'Results_GPT5.2LowRepair'!B:I,8,0),0)) -> 0 | J300: 0 | K300: 0 | L300: =COUNTIFS(C:C,C300,E:E,1) -> 1 | M300: =_xlfn.MINIFS(D:D,C:C,C300,E:E,1) -> 3 | N300: =CHOOSE(L300+1,0,2/3,1,1) -> 0.66666667 | O300: =IF(L300>0,1,0) -> 1 | P300: =IF(T300="Claude",W300,X300) -> 79 | Q300: =VLOOKUP(C300,Locs!A:C,3,0) -> 34 | R300: =VLOOKUP(C300,Locs!A:F,6,0) -> 5 | S300: =IF(M300=D300,1,0) -> 0 | T300: =IF(S300=0,"",IF(AND(U300=1,V300=1),IF(W300<=X300,"Claude","GPT"),IF(U300=1,"Claude","GPT"))) | U300: =IFERROR(VLOOKUP(B300,'Results_ClaudeOpus4.5Repair'!B:E,4,0),"") | V300: =IFERROR(VLOOKUP(B300,'Results_GPT5.2LowRepair'!B:E,4,0),"") -> 0 | W300: =IFERROR(VLOOKUP(LEFT(C300,LEN(C300)-4)&"_"&D300&"_llm.dfy",'Results_ClaudeOpus4.5Repair'!O:P,2,0),"") | X300: =IFERROR(VLOOKUP(LEFT(C300,LEN(C300)-4)&"_"&D300&"_llm.dfy",'Results_GPT5.2LowRepair'!O:P,2,0),"") -> 79
B301: =C301&"-"&D301 -> task_id_576.dfy-6 | C301: task_id_576.dfy | D301: 6 | E301: =MAX(IFERROR(VLOOKUP(B301,'Results_ClaudeOpus4.5Repair'!B:E,4,0),0),IFERROR(VLOOKUP(B301,'Results_GPT5.2LowRepair'!B:E,4,0),0)) -> 0 | F301: =MAX(IFERROR(VLOOKUP(B301,'Results_ClaudeOpus4.5Repair'!B:H,5,0),0),IFERROR(VLOOKUP(B301,'Results_GPT5.2LowRepair'!B:H,5,0),0)) -> 95.1082 | G301: =MAX(IFERROR(VLOOKUP(B301,'Results_ClaudeOpus4.5Repair'!B:H,6,0),0),IFERROR(VLOOKUP(B301,'Results_GPT5.2LowRepair'!B:H,6,0),0)) -> 1.7272 | H301: =MAX(IFERROR(VLOOKUP(B301,'Results_ClaudeOpus4.5Repair'!B:H,7,0),0),IFERROR(VLOOKUP(B301,'Results_GPT5.2LowRepair'!B:H,7,0),0)) -> 95.1067 | I301: =MAX(IFERROR(VLOOKUP(B301,'Results_ClaudeOpus4.5Repair'!B:I,8,0),0),IFERROR(VLOOKUP(B301,'Results_GPT5.2LowRepair'!B:I,8,0),0)) -> 0 | J301: 0 | K301: 0 | L301: =COUNTIFS(C:C,C301,E:E,1) -> 1 | M301: =_xlfn.MINIFS(D:D,C:C,C301,E:E,1) -> 3 | N301: =CHOOSE(L301+1,0,2/3,1,1) -> 0.66666667 | O301: =IF(L301>0,1,0) -> 1 | P301: =IF(T301="Claude",W301,X301) -> 95 | Q301: =VLOOKUP(C301,Locs!A:C,3,0) -> 34 | R301: =VLOOKUP(C301,Locs!A:F,6,0) -> 5 | S301: =IF(M301=D301,1,0) -> 0 | T301: =IF(S301=0,"",IF(AND(U301=1,V301=1),IF(W301<=X301,"Claude","GPT"),IF(U301=1,"Claude","GPT"))) | U301: =IFERROR(VLOOKUP(B301,'Results_ClaudeOpus4.5Repair'!B:E,4,0),"") | V301: =IFERROR(VLOOKUP(B301,'Results_GPT5.2LowRepair'!B:E,4,0),"") -> 0 | W301: =IFERROR(VLOOKUP(LEFT(C301,LEN(C301)-4)&"_"&D301&"_llm.dfy",'Results_ClaudeOpus4.5Repair'!O:P,2,0),"") | X301: =IFERROR(VLOOKUP(LEFT(C301,LEN(C301)-4)&"_"&D301&"_llm.dfy",'Results_GPT5.2LowRepair'!O:P,2,0),"") -> 95
B302: =C302&"-"&D302 -> task_id_576.dfy-7 | C302: task_id_576.dfy | D302: 7 | E302: =MAX(IFERROR(VLOOKUP(B302,'Results_ClaudeOpus4.5Repair'!B:E,4,0),0),IFERROR(VLOOKUP(B302,'Results_GPT5.2LowRepair'!B:E,4,0),0)) -> 0 | F302: =MAX(IFERROR(VLOOKUP(B302,'Results_ClaudeOpus4.5Repair'!B:H,5,0),0),IFERROR(VLOOKUP(B302,'Results_GPT5.2LowRepair'!B:H,5,0),0)) -> 67.0563 | G302: =MAX(IFERROR(VLOOKUP(B302,'Results_ClaudeOpus4.5Repair'!B:H,6,0),0),IFERROR(VLOOKUP(B302,'Results_GPT5.2LowRepair'!B:H,6,0),0)) -> 1.7422 | H302: =MAX(IFERROR(VLOOKUP(B302,'Results_ClaudeOpus4.5Repair'!B:H,7,0),0),IFERROR(VLOOKUP(B302,'Results_GPT5.2LowRepair'!B:H,7,0),0)) -> 67.0547 | I302: =MAX(IFERROR(VLOOKUP(B302,'Results_ClaudeOpus4.5Repair'!B:I,8,0),0),IFERROR(VLOOKUP(B302,'Results_GPT5.2LowRepair'!B:I,8,0),0)) -> 0 | J302: 0 | K302: 0 | L302: =COUNTIFS(C:C,C302,E:E,1) -> 1 | M302: =_xlfn.MINIFS(D:D,C:C,C302,E:E,1) -> 3 | N302: =CHOOSE(L302+1,0,2/3,1,1) -> 0.66666667 | O302: =IF(L302>0,1,0) -> 1 | P302: =IF(T302="Claude",W302,X302) -> 93 | Q302: =VLOOKUP(C302,Locs!A:C,3,0) -> 34 | R302: =VLOOKUP(C302,Locs!A:F,6,0) -> 5 | S302: =IF(M302=D302,1,0) -> 0 | T302: =IF(S302=0,"",IF(AND(U302=1,V302=1),IF(W302<=X302,"Claude","GPT"),IF(U302=1,"Claude","GPT"))) | U302: =IFERROR(VLOOKUP(B302,'Results_ClaudeOpus4.5Repair'!B:E,4,0),"") | V302: =IFERROR(VLOOKUP(B302,'Results_GPT5.2LowRepair'!B:E,4,0),"") -> 0 | W302: =IFERROR(VLOOKUP(LEFT(C302,LEN(C302)-4)&"_"&D302&"_llm.dfy",'Results_ClaudeOpus4.5Repair'!O:P,2,0),"") | X302: =IFERROR(VLOOKUP(LEFT(C302,LEN(C302)-4)&"_"&D302&"_llm.dfy",'Results_GPT5.2LowRepair'!O:P,2,0),"") -> 93
B303: =C303&"-"&D303 -> task_id_576.dfy-8 | C303: task_id_576.dfy | D303: 8 | E303: =MAX(IFERROR(VLOOKUP(B303,'Results_ClaudeOpus4.5Repair'!B:E,4,0),0),IFERROR(VLOOKUP(B303,'Results_GPT5.2LowRepair'!B:E,4,0),0)) -> 0 | F303: =MAX(IFERROR(VLOOKUP(B303,'Results_ClaudeOpus4.5Repair'!B:H,5,0),0),IFERROR(VLOOKUP(B303,'Results_GPT5.2LowRepair'!B:H,5,0),0)) -> 38.4166 | G303: =MAX(IFERROR(VLOOKUP(B303,'Results_ClaudeOpus4.5Repair'!B:H,6,0),0),IFERROR(VLOOKUP(B303,'Results_GPT5.2LowRepair'!B:H,6,0),0)) -> 1.6778 | H303: =MAX(IFERROR(VLOOKUP(B303,'Results_ClaudeOpus4.5Repair'!B:H,7,0),0),IFERROR(VLOOKUP(B303,'Results_GPT5.2LowRepair'!B:H,7,0),0)) -> 38.4147 | I303: =MAX(IFERROR(VLOOKUP(B303,'Results_ClaudeOpus4.5Repair'!B:I,8,0),0),IFERROR(VLOOKUP(B303,'Results_GPT5.2LowRepair'!B:I,8,0),0)) -> 0 | J303: 0 | K303: 0 | L303: =COUNTIFS(C:C,C303,E:E,1) -> 1 | M303: =_xlfn.MINIFS(D:D,C:C,C303,E:E,1) -> 3 | N303: =CHOOSE(L303+1,0,2/3,1,1) -> 0.66666667 | O303: =IF(L303>0,1,0) -> 1 | P303: =IF(T303="Claude",W303,X303) -> 93 | Q303: =VLOOKUP(C303,Locs!A:C,3,0) -> 34 | R303: =VLOOKUP(C303,Locs!A:F,6,0) -> 5 | S303: =IF(M303=D303,1,0) -> 0 | T303: =IF(S303=0,"",IF(AND(U303=1,V303=1),IF(W303<=X303,"Claude","GPT"),IF(U303=1,"Claude","GPT"))) | U303: =IFERROR(VLOOKUP(B303,'Results_ClaudeOpus4.5Repair'!B:E,4,0),"") | V303: =IFERROR(VLOOKUP(B303,'Results_GPT5.2LowRepair'!B:E,4,0),"") -> 0 | W303: =IFERROR(VLOOKUP(LEFT(C303,LEN(C303)-4)&"_"&D303&"_llm.dfy",'Results_ClaudeOpus4.5Repair'!O:P,2,0),"") | X303: =IFERROR(VLOOKUP(LEFT(C303,LEN(C303)-4)&"_"&D303&"_llm.dfy",'Results_GPT5.2LowRepair'!O:P,2,0),"") -> 93
B304: =C304&"-"&D304 -> task_id_576.dfy-9 | C304: task_id_576.dfy | D304: 9 | E304: =MAX(IFERROR(VLOOKUP(B304,'Results_ClaudeOpus4.5Repair'!B:E,4,0),0),IFERROR(VLOOKUP(B304,'Results_GPT5.2LowRepair'!B:E,4,0),0)) -> 0 | F304: =MAX(IFERROR(VLOOKUP(B304,'Results_ClaudeOpus4.5Repair'!B:H,5,0),0),IFERROR(VLOOKUP(B304,'Results_GPT5.2LowRepair'!B:H,5,0),0)) -> 84.5558 | G304: =MAX(IFERROR(VLOOKUP(B304,'Results_ClaudeOpus4.5Repair'!B:H,6,0),0),IFERROR(VLOOKUP(B304,'Results_GPT5.2LowRepair'!B:H,6,0),0)) -> 0.4348 | H304: =MAX(IFERROR(VLOOKUP(B304,'Results_ClaudeOpus4.5Repair'!B:H,7,0),0),IFERROR(VLOOKUP(B304,'Results_GPT5.2LowRepair'!B:H,7,0),0)) -> 84.5538 | I304: =MAX(IFERROR(VLOOKUP(B304,'Results_ClaudeOpus4.5Repair'!B:I,8,0),0),IFERROR(VLOOKUP(B304,'Results_GPT5.2LowRepair'!B:I,8,0),0)) -> 0 | J304: 0 | K304: 0 | L304: =COUNTIFS(C:C,C304,E:E,1) -> 1 | M304: =_xlfn.MINIFS(D:D,C:C,C304,E:E,1) -> 3 | N304: =CHOOSE(L304+1,0,2/3,1,1) -> 0.66666667 | O304: =IF(L304>0,1,0) -> 1 | P304: =IF(T304="Claude",W304,X304) -> 92 | Q304: =VLOOKUP(C304,Locs!A:C,3,0) -> 34 | R304: =VLOOKUP(C304,Locs!A:F,6,0) -> 5 | S304: =IF(M304=D304,1,0) -> 0 | T304: =IF(S304=0,"",IF(AND(U304=1,V304=1),IF(W304<=X304,"Claude","GPT"),IF(U304=1,"Claude","GPT"))) | U304: =IFERROR(VLOOKUP(B304,'Results_ClaudeOpus4.5Repair'!B:E,4,0),"") | V304: =IFERROR(VLOOKUP(B304,'Results_GPT5.2LowRepair'!B:E,4,0),"") -> -1 | W304: =IFERROR(VLOOKUP(LEFT(C304,LEN(C304)-4)&"_"&D304&"_llm.dfy",'Results_ClaudeOpus4.5Repair'!O:P,2,0),"") | X304: =IFERROR(VLOOKUP(LEFT(C304,LEN(C304)-4)&"_"&D304&"_llm.dfy",'Results_GPT5.2LowRepair'!O:P,2,0),"") -> 92
B305: =C305&"-"&D305 -> task_id_576.dfy-10 | C305: task_id_576.dfy | D305: 10 | E305: =MAX(IFERROR(VLOOKUP(B305,'Results_ClaudeOpus4.5Repair'!B:E,4,0),0),IFERROR(VLOOKUP(B305,'Results_GPT5.2LowRepair'!B:E,4,0),0)) -> 0 | F305: =MAX(IFERROR(VLOOKUP(B305,'Results_ClaudeOpus4.5Repair'!B:H,5,0),0),IFERROR(VLOOKUP(B305,'Results_GPT5.2LowRepair'!B:H,5,0),0)) -> 17.825 | G305: =MAX(IFERROR(VLOOKUP(B305,'Results_ClaudeOpus4.5Repair'!B:H,6,0),0),IFERROR(VLOOKUP(B305,'Results_GPT5.2LowRepair'!B:H,6,0),0)) -> 1.7263 | H305: =MAX(IFERROR(VLOOKUP(B305,'Results_ClaudeOpus4.5Repair'!B:H,7,0),0),IFERROR(VLOOKUP(B305,'Results_GPT5.2LowRepair'!B:H,7,0),0)) -> 17.8231 | I305: =MAX(IFERROR(VLOOKUP(B305,'Results_ClaudeOpus4.5Repair'!B:I,8,0),0),IFERROR(VLOOKUP(B305,'Results_GPT5.2LowRepair'!B:I,8,0),0)) -> 0 | J305: 0 | K305: 0 | L305: =COUNTIFS(C:C,C305,E:E,1) -> 1 | M305: =_xlfn.MINIFS(D:D,C:C,C305,E:E,1) -> 3 | N305: =CHOOSE(L305+1,0,2/3,1,1) -> 0.66666667 | O305: =IF(L305>0,1,0) -> 1 | P305: =IF(T305="Claude",W305,X305) -> 93 | Q305: =VLOOKUP(C305,Locs!A:C,3,0) -> 34 | R305: =VLOOKUP(C305,Locs!A:F,6,0) -> 5 | S305: =IF(M305=D305,1,0) -> 0 | T305: =IF(S305=0,"",IF(AND(U305=1,V305=1),IF(W305<=X305,"Claude","GPT"),IF(U305=1,"Claude","GPT"))) | U305: =IFERROR(VLOOKUP(B305,'Results_ClaudeOpus4.5Repair'!B:E,4,0),"") | V305: =IFERROR(VLOOKUP(B305,'Results_GPT5.2LowRepair'!B:E,4,0),"") -> 0 | W305: =IFERROR(VLOOKUP(LEFT(C305,LEN(C305)-4)&"_"&D305&"_llm.dfy",'Results_ClaudeOpus4.5Repair'!O:P,2,0),"") | X305: =IFERROR(VLOOKUP(LEFT(C305,LEN(C305)-4)&"_"&D305&"_llm.dfy",'Results_GPT5.2LowRepair'!O:P,2,0),"") -> 93
B306: =C306&"-"&D306 -> task_id_578.dfy-1 | C306: task_id_578.dfy | D306: 1 | E306: =MAX(IFERROR(VLOOKUP(B306,'Results_ClaudeOpus4.5Repair'!B:E,4,0),0),IFERROR(VLOOKUP(B306,'Results_GPT5.2LowRepair'!B:E,4,0),0)) -> 0 | F306: =MAX(IFERROR(VLOOKUP(B306,'Results_ClaudeOpus4.5Repair'!B:H,5,0),0),IFERROR(VLOOKUP(B306,'Results_GPT5.2LowRepair'!B:H,5,0),0)) -> 8.7583 | G306: =MAX(IFERROR(VLOOKUP(B306,'Results_ClaudeOpus4.5Repair'!B:H,6,0),0),IFERROR(VLOOKUP(B306,'Results_GPT5.2LowRepair'!B:H,6,0),0)) -> 0.8318 | H306: =MAX(IFERROR(VLOOKUP(B306,'Results_ClaudeOpus4.5Repair'!B:H,7,0),0),IFERROR(VLOOKUP(B306,'Results_GPT5.2LowRepair'!B:H,7,0),0)) -> 8.7405 | I306: =MAX(IFERROR(VLOOKUP(B306,'Results_ClaudeOpus4.5Repair'!B:I,8,0),0),IFERROR(VLOOKUP(B306,'Results_GPT5.2LowRepair'!B:I,8,0),0)) -> 1 | J306: 0 | K306: 0 | L306: =COUNTIFS(C:C,C306,E:E,1) -> 2 | M306: =_xlfn.MINIFS(D:D,C:C,C306,E:E,1) -> 2 | N306: =CHOOSE(L306+1,0,2/3,1,1) -> 1 | O306: =IF(L306>0,1,0) -> 1 | P306: =IF(T306="Claude",W306,X306) -> 26 | Q306: =VLOOKUP(C306,Locs!A:C,3,0) -> 23 | R306: =VLOOKUP(C306,Locs!A:F,6,0) -> 3 | S306: =IF(M306=D306,1,0) -> 0 | T306: =IF(S306=0,"",IF(AND(U306=1,V306=1),IF(W306<=X306,"Claude","GPT"),IF(U306=1,"Claude","GPT"))) | U306: =IFERROR(VLOOKUP(B306,'Results_ClaudeOpus4.5Repair'!B:E,4,0),"") -> 0 | V306: =IFERROR(VLOOKUP(B306,'Results_GPT5.2LowRepair'!B:E,4,0),"") -> 0 | W306: =IFERROR(VLOOKUP(LEFT(C306,LEN(C306)-4)&"_"&D306&"_llm.dfy",'Results_ClaudeOpus4.5Repair'!O:P,2,0),"") -> 20 | X306: =IFERROR(VLOOKUP(LEFT(C306,LEN(C306)-4)&"_"&D306&"_llm.dfy",'Results_GPT5.2LowRepair'!O:P,2,0),"") -> 26
B307: =C307&"-"&D307 -> task_id_578.dfy-2 | C307: task_id_578.dfy | D307: 2 | E307: =MAX(IFERROR(VLOOKUP(B307,'Results_ClaudeOpus4.5Repair'!B:E,4,0),0),IFERROR(VLOOKUP(B307,'Results_GPT5.2LowRepair'!B:E,4,0),0)) -> 1 | F307: =MAX(IFERROR(VLOOKUP(B307,'Results_ClaudeOpus4.5Repair'!B:H,5,0),0),IFERROR(VLOOKUP(B307,'Results_GPT5.2LowRepair'!B:H,5,0),0)) -> 28.3077 | G307: =MAX(IFERROR(VLOOKUP(B307,'Results_ClaudeOpus4.5Repair'!B:H,6,0),0),IFERROR(VLOOKUP(B307,'Results_GPT5.2LowRepair'!B:H,6,0),0)) -> 6.3954 | H307: =MAX(IFERROR(VLOOKUP(B307,'Results_ClaudeOpus4.5Repair'!B:H,7,0),0),IFERROR(VLOOKUP(B307,'Results_GPT5.2LowRepair'!B:H,7,0),0)) -> 28.3061 | I307: =MAX(IFERROR(VLOOKUP(B307,'Results_ClaudeOpus4.5Repair'!B:I,8,0),0),IFERROR(VLOOKUP(B307,'Results_GPT5.2LowRepair'!B:I,8,0),0)) -> 1 | J307: 0 | K307: 0 | L307: =COUNTIFS(C:C,C307,E:E,1) -> 2 | M307: =_xlfn.MINIFS(D:D,C:C,C307,E:E,1) -> 2 | N307: =CHOOSE(L307+1,0,2/3,1,1) -> 1 | O307: =IF(L307>0,1,0) -> 1 | P307: =IF(T307="Claude",W307,X307) -> 27 | Q307: =VLOOKUP(C307,Locs!A:C,3,0) -> 23 | R307: =VLOOKUP(C307,Locs!A:F,6,0) -> 3 | S307: =IF(M307=D307,1,0) -> 1 | T307: =IF(S307=0,"",IF(AND(U307=1,V307=1),IF(W307<=X307,"Claude","GPT"),IF(U307=1,"Claude","GPT"))) -> Claude | U307: =IFERROR(VLOOKUP(B307,'Results_ClaudeOpus4.5Repair'!B:E,4,0),"") -> 1 | V307: =IFERROR(VLOOKUP(B307,'Results_GPT5.2LowRepair'!B:E,4,0),"") -> 0 | W307: =IFERROR(VLOOKUP(LEFT(C307,LEN(C307)-4)&"_"&D307&"_llm.dfy",'Results_ClaudeOpus4.5Repair'!O:P,2,0),"") -> 27 | X307: =IFERROR(VLOOKUP(LEFT(C307,LEN(C307)-4)&"_"&D307&"_llm.dfy",'Results_GPT5.2LowRepair'!O:P,2,0),"") -> 47
B308: =C308&"-"&D308 -> task_id_578.dfy-3 | C308: task_id_578.dfy | D308: 3 | E308: =MAX(IFERROR(VLOOKUP(B308,'Results_ClaudeOpus4.5Repair'!B:E,4,0),0),IFERROR(VLOOKUP(B308,'Results_GPT5.2LowRepair'!B:E,4,0),0)) -> 1 | F308: =MAX(IFERROR(VLOOKUP(B308,'Results_ClaudeOpus4.5Repair'!B:H,5,0),0),IFERROR(VLOOKUP(B308,'Results_GPT5.2LowRepair'!B:H,5,0),0)) -> 27.5445 | G308: =MAX(IFERROR(VLOOKUP(B308,'Results_ClaudeOpus4.5Repair'!B:H,6,0),0),IFERROR(VLOOKUP(B308,'Results_GPT5.2LowRepair'!B:H,6,0),0)) -> 4.3371 | H308: =MAX(IFERROR(VLOOKUP(B308,'Results_ClaudeOpus4.5Repair'!B:H,7,0),0),IFERROR(VLOOKUP(B308,'Results_GPT5.2LowRepair'!B:H,7,0),0)) -> 27.5429 | I308: =MAX(IFERROR(VLOOKUP(B308,'Results_ClaudeOpus4.5Repair'!B:I,8,0),0),IFERROR(VLOOKUP(B308,'Results_GPT5.2LowRepair'!B:I,8,0),0)) -> 1 | J308: 0 | K308: 0 | L308: =COUNTIFS(C:C,C308,E:E,1) -> 2 | M308: =_xlfn.MINIFS(D:D,C:C,C308,E:E,1) -> 2 | N308: =CHOOSE(L308+1,0,2/3,1,1) -> 1 | O308: =IF(L308>0,1,0) -> 1 | P308: =IF(T308="Claude",W308,X308) -> 71 | Q308: =VLOOKUP(C308,Locs!A:C,3,0) -> 23 | R308: =VLOOKUP(C308,Locs!A:F,6,0) -> 3 | S308: =IF(M308=D308,1,0) -> 0 | T308: =IF(S308=0,"",IF(AND(U308=1,V308=1),IF(W308<=X308,"Claude","GPT"),IF(U308=1,"Claude","GPT"))) | U308: =IFERROR(VLOOKUP(B308,'Results_ClaudeOpus4.5Repair'!B:E,4,0),"") | V308: =IFERROR(VLOOKUP(B308,'Results_GPT5.2LowRepair'!B:E,4,0),"") -> 1 | W308: =IFERROR(VLOOKUP(LEFT(C308,LEN(C308)-4)&"_"&D308&"_llm.dfy",'Results_ClaudeOpus4.5Repair'!O:P,2,0),"") | X308: =IFERROR(VLOOKUP(LEFT(C308,LEN(C308)-4)&"_"&D308&"_llm.dfy",'Results_GPT5.2LowRepair'!O:P,2,0),"") -> 71
B309: =C309&"-"&D309 -> task_id_579.dfy-1 | C309: task_id_579.dfy | D309: 1 | E309: =MAX(IFERROR(VLOOKUP(B309,'Results_ClaudeOpus4.5Repair'!B:E,4,0),0),IFERROR(VLOOKUP(B309,'Results_GPT5.2LowRepair'!B:E,4,0),0)) -> 0 | F309: =MAX(IFERROR(VLOOKUP(B309,'Results_ClaudeOpus4.5Repair'!B:H,5,0),0),IFERROR(VLOOKUP(B309,'Results_GPT5.2LowRepair'!B:H,5,0),0)) -> 19.603 | G309: =MAX(IFERROR(VLOOKUP(B309,'Results_ClaudeOpus4.5Repair'!B:H,6,0),0),IFERROR(VLOOKUP(B309,'Results_GPT5.2LowRepair'!B:H,6,0),0)) -> 2.2435 | H309: =MAX(IFERROR(VLOOKUP(B309,'Results_ClaudeOpus4.5Repair'!B:H,7,0),0),IFERROR(VLOOKUP(B309,'Results_GPT5.2LowRepair'!B:H,7,0),0)) -> 19.5817 | I309: =MAX(IFERROR(VLOOKUP(B309,'Results_ClaudeOpus4.5Repair'!B:I,8,0),0),IFERROR(VLOOKUP(B309,'Results_GPT5.2LowRepair'!B:I,8,0),0)) -> 1 | J309: 0 | K309: 0 | L309: =COUNTIFS(C:C,C309,E:E,1) -> 2 | M309: =_xlfn.MINIFS(D:D,C:C,C309,E:E,1) -> 2 | N309: =CHOOSE(L309+1,0,2/3,1,1) -> 1 | O309: =IF(L309>0,1,0) -> 1 | P309: =IF(T309="Claude",W309,X309) -> 70 | Q309: =VLOOKUP(C309,Locs!A:C,3,0) -> 49 | R309: =VLOOKUP(C309,Locs!A:F,6,0) -> 2 | S309: =IF(M309=D309,1,0) -> 0 | T309: =IF(S309=0,"",IF(AND(U309=1,V309=1),IF(W309<=X309,"Claude","GPT"),IF(U309=1,"Claude","GPT"))) | U309: =IFERROR(VLOOKUP(B309,'Results_ClaudeOpus4.5Repair'!B:E,4,0),"") -> 0 | V309: =IFERROR(VLOOKUP(B309,'Results_GPT5.2LowRepair'!B:E,4,0),"") -> 0 | W309: =IFERROR(VLOOKUP(LEFT(C309,LEN(C309)-4)&"_"&D309&"_llm.dfy",'Results_ClaudeOpus4.5Repair'!O:P,2,0),"") -> 55 | X309: =IFERROR(VLOOKUP(LEFT(C309,LEN(C309)-4)&"_"&D309&"_llm.dfy",'Results_GPT5.2LowRepair'!O:P,2,0),"") -> 70
B310: =C310&"-"&D310 -> task_id_579.dfy-2 | C310: task_id_579.dfy | D310: 2 | E310: =MAX(IFERROR(VLOOKUP(B310,'Results_ClaudeOpus4.5Repair'!B:E,4,0),0),IFERROR(VLOOKUP(B310,'Results_GPT5.2LowRepair'!B:E,4,0),0)) -> 1 | F310: =MAX(IFERROR(VLOOKUP(B310,'Results_ClaudeOpus4.5Repair'!B:H,5,0),0),IFERROR(VLOOKUP(B310,'Results_GPT5.2LowRepair'!B:H,5,0),0)) -> 50.748 | G310: =MAX(IFERROR(VLOOKUP(B310,'Results_ClaudeOpus4.5Repair'!B:H,6,0),0),IFERROR(VLOOKUP(B310,'Results_GPT5.2LowRepair'!B:H,6,0),0)) -> 1.7455 | H310: =MAX(IFERROR(VLOOKUP(B310,'Results_ClaudeOpus4.5Repair'!B:H,7,0),0),IFERROR(VLOOKUP(B310,'Results_GPT5.2LowRepair'!B:H,7,0),0)) -> 50.7458 | I310: =MAX(IFERROR(VLOOKUP(B310,'Results_ClaudeOpus4.5Repair'!B:I,8,0),0),IFERROR(VLOOKUP(B310,'Results_GPT5.2LowRepair'!B:I,8,0),0)) -> 1 | J310: 0 | K310: 0 | L310: =COUNTIFS(C:C,C310,E:E,1) -> 2 | M310: =_xlfn.MINIFS(D:D,C:C,C310,E:E,1) -> 2 | N310: =CHOOSE(L310+1,0,2/3,1,1) -> 1 | O310: =IF(L310>0,1,0) -> 1 | P310: =IF(T310="Claude",W310,X310) -> 62 | Q310: =VLOOKUP(C310,Locs!A:C,3,0) -> 49 | R310: =VLOOKUP(C310,Locs!A:F,6,0) -> 2 | S310: =IF(M310=D310,1,0) -> 1 | T310: =IF(S310=0,"",IF(AND(U310=1,V310=1),IF(W310<=X310,"Claude","GPT"),IF(U310=1,"Claude","GPT"))) -> Claude | U310: =IFERROR(VLOOKUP(B310,'Results_ClaudeOpus4.5Repair'!B:E,4,0),"") -> 1 | V310: =IFERROR(VLOOKUP(B310,'Results_GPT5.2LowRepair'!B:E,4,0),"") -> -1 | W310: =IFERROR(VLOOKUP(LEFT(C310,LEN(C310)-4)&"_"&D310&"_llm.dfy",'Results_ClaudeOpus4.5Repair'!O:P,2,0),"") -> 62 | X310: =IFERROR(VLOOKUP(LEFT(C310,LEN(C310)-4)&"_"&D310&"_llm.dfy",'Results_GPT5.2LowRepair'!O:P,2,0),"") -> 148
... B440: =C440&"-"&D440 -> task_id_95.dfy-2 | C440: task_id_95.dfy | D440: 2 | E440: =MAX(IFERROR(VLOOKUP(B440,'Results_ClaudeOpus4.5Repair'!B:E,4,0),0),IFERROR(VLOOKUP(B440,'Results_GPT5.2LowRepair'!B:E,4,0),0)) -> 1 | F440: =MAX(IFERROR(VLOOKUP(B440,'Results_ClaudeOpus4.5Repair'!B:H,5,0),0),IFERROR(VLOOKUP(B440,'Results_GPT5.2LowRepair'!B:H,5,0),0)) -> 24.6629 | G440: =MAX(IFERROR(VLOOKUP(B440,'Results_ClaudeOpus4.5Repair'!B:H,6,0),0),IFERROR(VLOOKUP(B440,'Results_GPT5.2LowRepair'!B:H,6,0),0)) -> 1.6589 | H440: =MAX(IFERROR(VLOOKUP(B440,'Results_ClaudeOpus4.5Repair'!B:H,7,0),0),IFERROR(VLOOKUP(B440,'Results_GPT5.2LowRepair'!B:H,7,0),0)) -> 24.6603 | I440: =MAX(IFERROR(VLOOKUP(B440,'Results_ClaudeOpus4.5Repair'!B:I,8,0),0),IFERROR(VLOOKUP(B440,'Results_GPT5.2LowRepair'!B:I,8,0),0)) -> 1 | J440: 0 | K440: 0 | L440: =COUNTIFS(C:C,C440,E:E,1) -> 1 | M440: =_xlfn.MINIFS(D:D,C:C,C440,E:E,1) -> 2 | N440: =CHOOSE(L440+1,0,2/3,1,1) -> 0.66666667 | O440: =IF(L440>0,1,0) -> 1 | P440: =IF(T440="Claude",W440,X440) -> 39 | Q440: =VLOOKUP(C440,Locs!A:C,3,0) -> 32 | R440: =VLOOKUP(C440,Locs!A:F,6,0) -> 6 | S440: =IF(M440=D440,1,0) -> 1 | T440: =IF(S440=0,"",IF(AND(U440=1,V440=1),IF(W440<=X440,"Claude","GPT"),IF(U440=1,"Claude","GPT"))) -> Claude | U440: =IFERROR(VLOOKUP(B440,'Results_ClaudeOpus4.5Repair'!B:E,4,0),"") -> 1 | V440: =IFERROR(VLOOKUP(B440,'Results_GPT5.2LowRepair'!B:E,4,0),"") -> 1 | W440: =IFERROR(VLOOKUP(LEFT(C440,LEN(C440)-4)&"_"&D440&"_llm.dfy",'Results_ClaudeOpus4.5Repair'!O:P,2,0),"") -> 39 | X440: =IFERROR(VLOOKUP(LEFT(C440,LEN(C440)-4)&"_"&D440&"_llm.dfy",'Results_GPT5.2LowRepair'!O:P,2,0),"") -> 72

Sheet Results_ClaudeOpus4.5Repair
A1: Ordering | B1: Key | C1: Filename | D1: Attempt | E1: Success | F1: Time Gen | G1: Time Ver | H1: Time API Call | I1: Success Merged Original | J1: Success Raw | K1: Success Postprocessed | L1: LOC llm | M1: LOC man | N1: Helpers + lemmas | O1: File | P1: LOC | Q1: Type of failure
A2: 1 | B2: =C2&"-"&D2 -> BinarySearch.dfy-1 | C2: BinarySearch.dfy | D2: 1 | E2: 1 | F2: 7.8302 | G2: 2.2347 | H2: 7.825 | I2: 1 | J2: 1 | K2: 1 | L2: =VLOOKUP(LEFT(C2,LEN(C2)-4)&"_"&D2&"_llm.dfy",O:P,2,0) -> 44 | M2: =VLOOKUP(C2,Locs!A:C,3,0) -> 38 | N2: =VLOOKUP(C2,Locs!A:F,6,0) -> 0 | O2: BinarySearch_1_llm.dfy | P2: 44 | S2: BinarySearch_1_llm.dfy | T2: 44
A3: 2 | B3: =C3&"-"&D3 -> BubbleSort.dfy-1 | C3: BubbleSort.dfy | D3: 1 | E3: 0 | F3: 10.9121 | G3: 2.8634 | H3: 10.9085 | I3: -1 | J3: 0 | K3: 0 | L3: =VLOOKUP(LEFT(C3,LEN(C3)-4)&"_"&D3&"_llm.dfy",O:P,2,0) -> 50 | M3: =VLOOKUP(C3,Locs!A:C,3,0) -> 44 | N3: =VLOOKUP(C3,Locs!A:F,6,0) -> 1 | O3: BubbleSort_1_llm.dfy | P3: 50 | Q3: test helpers | S3: BubbleSort_1_llm.dfy | T3: 50
A4: 3 | B4: =C4&"-"&D4 -> BubbleSort.dfy-2 | C4: BubbleSort.dfy | D4: 2 | E4: 0 | F4: 25.222 | G4: 2.9649 | H4: 25.2196 | I4: -1 | J4: 0 | K4: 0 | L4: =VLOOKUP(LEFT(C4,LEN(C4)-4)&"_"&D4&"_llm.dfy",O:P,2,0) -> 83 | M4: =VLOOKUP(C4,Locs!A:C,3,0) -> 44 | N4: =VLOOKUP(C4,Locs!A:F,6,0) -> 1 | O4: BubbleSort_2_llm.dfy | P4: 83 | Q4: test helpers | S4: BubbleSort_2_llm.dfy | T4: 83
A5: 4 | B5: =C5&"-"&D5 -> BubbleSort.dfy-3 | C5: BubbleSort.dfy | D5: 3 | E5: 1 | F5: 15.8983 | G5: 2.987 | H5: 15.8903 | I5: 1 | J5: 1 | K5: 1 | L5: =VLOOKUP(LEFT(C5,LEN(C5)-4)&"_"&D5&"_llm.dfy",O:P,2,0) -> 93 | M5: =VLOOKUP(C5,Locs!A:C,3,0) -> 44 | N5: =VLOOKUP(C5,Locs!A:F,6,0) -> 1 | O5: BubbleSort_3_llm.dfy | P5: 93 | S5: BubbleSort_3_llm.dfy | T5: 93
A6: 5 | B6: =C6&"-"&D6 -> Catalan.dfy-1 | C6: Catalan.dfy | D6: 1 | E6: 1 | F6: 5.3945 | G6: 1.2143 | H6: 5.3902 | I6: 1 | J6: 1 | K6: 1 | L6: =VLOOKUP(LEFT(C6,LEN(C6)-4)&"_"&D6&"_llm.dfy",O:P,2,0) -> 30 | M6: =VLOOKUP(C6,Locs!A:C,3,0) -> 28 | N6: =VLOOKUP(C6,Locs!A:F,6,0) -> 0 | O6: Catalan_1_llm.dfy | P6: 30 | S6: Catalan_1_llm.dfy | T6: 30
A7: 6 | B7: =C7&"-"&D7 -> CombNK.dfy-1 | C7: CombNK.dfy | D7: 1 | E7: 0 | F7: 8.0639 | G7: 1.295 | H7: 8.0602 | I7: -1 | J7: 0 | K7: 0 | L7: =VLOOKUP(LEFT(C7,LEN(C7)-4)&"_"&D7&"_llm.dfy",O:P,2,0) -> 40 | M7: =VLOOKUP(C7,Locs!A:C,3,0) -> 38 | N7: =VLOOKUP(C7,Locs!A:F,6,0) -> 0 | O7: CombNK_1_llm.dfy | P7: 40 | Q7: loopinv | S7: CombNK_1_llm.dfy | T7: 40
A8: 7 | B8: =C8&"-"&D8 -> CombNK.dfy-2 | C8: CombNK.dfy | D8: 2 | E8: 1 | F8: 25.9296 | G8: 2.382 | H8: 25.9274 | I8: 1 | J8: 1 | K8: 1 | L8: =VLOOKUP(LEFT(C8,LEN(C8)-4)&"_"&D8&"_llm.dfy",O:P,2,0) -> 62 | M8: =VLOOKUP(C8,Locs!A:C,3,0) -> 38 | N8: =VLOOKUP(C8,Locs!A:F,6,0) -> 0 | O8: CombNK_2_llm.dfy | P8: 62 | S8: CombNK_2_llm.dfy | T8: 62
A9: 8 | B9: =C9&"-"&D9 -> CountDistinct.dfy-1 | C9: CountDistinct.dfy | D9: 1 | E9: 0 | F9: 5.6102 | G9: 2.318 | H9: 5.6064 | I9: 0 | J9: 0 | K9: 0 | L9: =VLOOKUP(LEFT(C9,LEN(C9)-4)&"_"&D9&"_llm.dfy",O:P,2,0) -> 33 | M9: =VLOOKUP(C9,Locs!A:C,3,0) -> 39 | N9: =VLOOKUP(C9,Locs!A:F,6,0) -> 5 | O9: CountDistinct_1_llm.dfy | P9: 33 | Q9: loopinv | S9: CountDistinct_1_llm.dfy | T9: 33
A10: 9 | B10: =C10&"-"&D10 -> CountDistinct.dfy-2 | C10: CountDistinct.dfy | D10: 2 | E10: 1 | F10: 10.0335 | G10: 2.2686 | H10: 10.031 | I10: 1 | J10: 1 | K10: 1 | L10: =VLOOKUP(LEFT(C10,LEN(C10)-4)&"_"&D10&"_llm.dfy",O:P,2,0) -> 35 | M10: =VLOOKUP(C10,Locs!A:C,3,0) -> 39 | N10: =VLOOKUP(C10,Locs!A:F,6,0) -> 5 | O10: CountDistinct_2_llm.dfy | P10: 35 | S10: CountDistinct_2_llm.dfy | T10: 35
A11: 10 | B11: =C11&"-"&D11 -> Div.dfy-1 | C11: Div.dfy | D11: 1 | E11: 1 | F11: 4.1138 | G11: 1.337 | H11: 4.0985 | I11: 1 | J11: 1 | K11: 1 | L11: =VLOOKUP(LEFT(C11,LEN(C11)-4)&"_"&D11&"_llm.dfy",O:P,2,0) -> 19 | M11: =VLOOKUP(C11,Locs!A:C,3,0) -> 18 | N11: =VLOOKUP(C11,Locs!A:F,6,0) -> 0 | O11: Div_1_llm.dfy | P11: 19 | S11: Div_1_llm.dfy | T11: 19
A12: 11 | B12: =C12&"-"&D12 -> Factorial.dfy-1 | C12: Factorial.dfy | D12: 1 | E12: 1 | F12: 4.6906 | G12: 1.3695 | H12: 4.6659 | I12: 1 | J12: 1 | K12: 1 | L12: =VLOOKUP(LEFT(C12,LEN(C12)-4)&"_"&D12&"_llm.dfy",O:P,2,0) -> 21 | M12: =VLOOKUP(C12,Locs!A:C,3,0) -> 21 | N12: =VLOOKUP(C12,Locs!A:F,6,0) -> 0 | O12: Factorial_1_llm.dfy | P12: 21 | S12: Factorial_1_llm.dfy | T12: 21
A13: 12 | B13: =C13&"-"&D13 -> FastExponentiation.dfy-1 | C13: FastExponentiation.dfy | D13: 1 | E13: 1 | F13: 13.2179 | G13: 2.3285 | H13: 13.2012 | I13: 1 | J13: 1 | K13: 1 | L13: =VLOOKUP(LEFT(C13,LEN(C13)-4)&"_"&D13&"_llm.dfy",O:P,2,0) -> 71 | M13: =VLOOKUP(C13,Locs!A:C,3,0) -> 38 | N13: =VLOOKUP(C13,Locs!A:F,6,0) -> 3 | O13: FastExponentiation_1_llm.dfy | P13: 71 | S13: FastExponentiation_1_llm.dfy | T13: 71
A14: 13 | B14: =C14&"-"&D14 -> FastModularExponentiation.dfy-1 | C14: FastModularExponentiation.dfy | D14: 1 | E14: 0 | F14: 26.1094 | G14: 124.6352 | H14: 26.0873 | I14: -1 | J14: 0 | K14: 0 | L14: =VLOOKUP(LEFT(C14,LEN(C14)-4)&"_"&D14&"_llm.dfy",O:P,2,0) -> 175 | M14: =VLOOKUP(C14,Locs!A:C,3,0) -> 104 | N14: =VLOOKUP(C14,Locs!A:F,6,0) -> 12 | O14: FastModularExponentiation_10_llm.dfy | P14: 177 | S14: FastModularExponentiation_10_llm.dfy | T14: 177
A15: 14 | B15: =C15&"-"&D15 -> FastModularExponentiation.dfy-2 | C15: FastModularExponentiation.dfy | D15: 2 | E15: 0 | F15: 43.2564 | G15: 122.2133 | H15: 43.2539 | I15: -1 | J15: 0 | K15: 0 | L15: =VLOOKUP(LEFT(C15,LEN(C15)-4)&"_"&D15&"_llm.dfy",O:P,2,0) -> 169 | M15: =VLOOKUP(C15,Locs!A:C,3,0) -> 104 | N15: =VLOOKUP(C15,Locs!A:F,6,0) -> 12 | O15: FastModularExponentiation_11_llm.dfy | P15: 191 | S15: FastModularExponentiation_11_llm.dfy | T15: 191
A16: 15 | B16: =C16&"-"&D16 -> FastModularExponentiation.dfy-3 | C16: FastModularExponentiation.dfy | D16: 3 | E16: 0 | F16: 43.6397 | G16: 122.3378 | H16: 43.6327 | I16: -1 | J16: 0 | K16: 0 | L16: =VLOOKUP(LEFT(C16,LEN(C16)-4)&"_"&D16&"_llm.dfy",O:P,2,0) -> 185 | M16: =VLOOKUP(C16,Locs!A:C,3,0) -> 104 | N16: =VLOOKUP(C16,Locs!A:F,6,0) -> 12 | O16: FastModularExponentiation_12_llm.dfy | P16: 204 | S16: FastModularExponentiation_12_llm.dfy | T16: 204
A17: 16 | B17: =C17&"-"&D17 -> FastModularExponentiation.dfy-4 | C17: FastModularExponentiation.dfy | D17: 4 | E17: 0 | F17: 24.804 | G17: 124.3388 | H17: 24.8012 | I17: -1 | J17: 0 | K17: 0 | L17: =VLOOKUP(LEFT(C17,LEN(C17)-4)&"_"&D17&"_llm.dfy",O:P,2,0) -> 190 | M17: =VLOOKUP(C17,Locs!A:C,3,0) -> 104 | N17: =VLOOKUP(C17,Locs!A:F,6,0) -> 12 | O17: FastModularExponentiation_13_llm.dfy | P17: 203 | S17: FastModularExponentiation_13_llm.dfy | T17: 203
A18: 17 | B18: =C18&"-"&D18 -> FastModularExponentiation.dfy-5 | C18: FastModularExponentiation.dfy | D18: 5 | E18: 0 | F18: 51.8437 | G18: 122.8495 | H18: 51.8412 | I18: -1 | J18: 0 | K18: 0 | L18: =VLOOKUP(LEFT(C18,LEN(C18)-4)&"_"&D18&"_llm.dfy",O:P,2,0) -> 217 | M18: =VLOOKUP(C18,Locs!A:C,3,0) -> 104 | N18: =VLOOKUP(C18,Locs!A:F,6,0) -> 12 | O18: FastModularExponentiation_14_llm.dfy | P18: 180 | S18: FastModularExponentiation_14_llm.dfy | T18: 180
A19: 18 | B19: =C19&"-"&D19 -> FastModularExponentiation.dfy-6 | C19: FastModularExponentiation.dfy | D19: 6 | E19: -1 | F19: 40.1898 | G19: 0.3913 | H19: 40.1879 | I19: -1 | J19: -1 | K19: -1 | L19: =VLOOKUP(LEFT(C19,LEN(C19)-4)&"_"&D19&"_llm.dfy",O:P,2,0) -> 173 | M19: =VLOOKUP(C19,Locs!A:C,3,0) -> 104 | N19: =VLOOKUP(C19,Locs!A:F,6,0) -> 12 | O19: FastModularExponentiation_15_llm.dfy | P19: 193 | S19: FastModularExponentiation_15_llm.dfy | T19: 193
A20: 19 | B20: =C20&"-"&D20 -> FastModularExponentiation.dfy-7 | C20: FastModularExponentiation.dfy | D20: 7 | E20: 0 | F20: 39.6695 | G20: 62.7943 | H20: 39.6679 | I20: -1 | J20: 0 | K20: 0 | L20: =VLOOKUP(LEFT(C20,LEN(C20)-4)&"_"&D20&"_llm.dfy",O:P,2,0) -> 170 | M20: =VLOOKUP(C20,Locs!A:C,3,0) -> 104 | N20: =VLOOKUP(C20,Locs!A:F,6,0) -> 12 | O20: FastModularExponentiation_16_llm.dfy | P20: 180 | S20: FastModularExponentiation_16_llm.dfy | T20: 180
A21: 20 | B21: =C21&"-"&D21 -> FastModularExponentiation.dfy-8 | C21: FastModularExponentiation.dfy | D21: 8 | E21: 0 | F21: 26.4532 | G21: 64.1815 | H21: 26.4518 | I21: -1 | J21: 0 | K21: 0 | L21: =VLOOKUP(LEFT(C21,LEN(C21)-4)&"_"&D21&"_llm.dfy",O:P,2,0) -> 193 | M21: =VLOOKUP(C21,Locs!A:C,3,0) -> 104 | N21: =VLOOKUP(C21,Locs!A:F,6,0) -> 12 | O21: FastModularExponentiation_17_llm.dfy | P21: 181 | S21: FastModularExponentiation_17_llm.dfy | T21: 181
... A25: 29 | B25: =C25&"-"&D25 -> FindMax.dfy-1 | C25: FindMax.dfy | D25: 1 | E25: 1 | F25: 5.4013 | G25: 0.8122 | H25: 5.373 | I25: 1 | J25: 1 | K25: 1 | L25: =VLOOKUP(LEFT(C25,LEN(C25)-4)&"_"&D25&"_llm.dfy",O:P,2,0) -> 28 | M25: =VLOOKUP(C25,Locs!A:C,3,0) -> 29 | N25: =VLOOKUP(C25,Locs!A:F,6,0) -> 1 | O25: FastModularExponentiation_20_llm.dfy | P25: 178 | S25: FastModularExponentiation_20_llm.dfy | T25: 178
A26: 30 | B26: =C26&"-"&D26 -> InsertionSort.dfy-1 | C26: InsertionSort.dfy | D26: 1 | E26: 0 | F26: 9.4903 | G26: 2.0233 | H26: 9.4669 | I26: -1 | J26: 0 | K26: 0 | L26: =VLOOKUP(LEFT(C26,LEN(C26)-4)&"_"&D26&"_llm.dfy",O:P,2,0) -> 43 | M26: =VLOOKUP(C26,Locs!A:C,3,0) -> 57 | N26: =VLOOKUP(C26,Locs!A:F,6,0) -> 5 | O26: FastModularExponentiation_2_llm.dfy | P26: 169 | Q26: test helpers | S26: FastModularExponentiation_2_llm.dfy | T26: 169
A27: 31 | B27: =C27&"-"&D27 -> InsertionSort.dfy-2 | C27: InsertionSort.dfy | D27: 2 | E27: 0 | F27: 27.8363 | G27: 2.4885 | H27: 27.835 | I27: -1 | J27: 0 | K27: 0 | L27: =VLOOKUP(LEFT(C27,LEN(C27)-4)&"_"&D27&"_llm.dfy",O:P,2,0) -> 91 | M27: =VLOOKUP(C27,Locs!A:C,3,0) -> 57 | N27: =VLOOKUP(C27,Locs!A:F,6,0) -> 5 | O27: FastModularExponentiation_3_llm.dfy | P27: 185 | Q27: test helpers | S27: FastModularExponentiation_3_llm.dfy | T27: 185
A28: 32 | B28: =C28&"-"&D28 -> InsertionSort.dfy-3 | C28: InsertionSort.dfy | D28: 3 | E28: 1 | F28: 24.9659 | G28: 2.3194 | H28: 24.96 | I28: 1 | J28: 1 | K28: 1 | L28: =VLOOKUP(LEFT(C28,LEN(C28)-4)&"_"&D28&"_llm.dfy",O:P,2,0) -> 94 | M28: =VLOOKUP(C28,Locs!A:C,3,0) -> 57 | N28: =VLOOKUP(C28,Locs!A:F,6,0) -> 5 | O28: FastModularExponentiation_4_llm.dfy | P28: 190 | S28: FastModularExponentiation_4_llm.dfy | T28: 190
A29: 33 | B29: =C29&"-"&D29 -> IntersectIntervals.dfy-1 | C29: IntersectIntervals.dfy | D29: 1 | E29: 0 | F29: 15.7007 | G29: 1.752 | H29: 15.6803 | I29: -1 | J29: 0 | K29: 0 | L29: =VLOOKUP(LEFT(C29,LEN(C29)-4)&"_"&D29&"_llm.dfy",O:P,2,0) -> 59 | M29: =VLOOKUP(C29,Locs!A:C,3,0) -> 40 | N29: =VLOOKUP(C29,Locs!A:F,6,0) -> 0 | O29: FastModularExponentiation_5_llm.dfy | P29: 217 | Q29: postcond | S29: FastModularExponentiation_5_llm.dfy | T29: 217
A30: 34 | B30: =C30&"-"&D30 -> IntersectIntervals.dfy-2 | C30: IntersectIntervals.dfy | D30: 2 | E30: 0 | F30: 16.9773 | G30: 1.75 | H30: 16.9758 | I30: -1 | J30: 0 | K30: 0 | L30: =VLOOKUP(LEFT(C30,LEN(C30)-4)&"_"&D30&"_llm.dfy",O:P,2,0) -> 75 | M30: =VLOOKUP(C30,Locs!A:C,3,0) -> 40 | N30: =VLOOKUP(C30,Locs!A:F,6,0) -> 0 | O30: FastModularExponentiation_6_llm.dfy | P30: 173 | Q30: postcond | S30: FastModularExponentiation_6_llm.dfy | T30: 173
A31: 35 | B31: =C31&"-"&D31 -> IntersectIntervals.dfy-3 | C31: IntersectIntervals.dfy | D31: 3 | E31: 1 | F31: 33.3482 | G31: 1.7548 | H31: 33.3465 | I31: 1 | J31: 1 | K31: 1 | L31: =VLOOKUP(LEFT(C31,LEN(C31)-4)&"_"&D31&"_llm.dfy",O:P,2,0) -> 78 | M31: =VLOOKUP(C31,Locs!A:C,3,0) -> 40 | N31: =VLOOKUP(C31,Locs!A:F,6,0) -> 0 | O31: FastModularExponentiation_7_llm.dfy | P31: 170 | S31: FastModularExponentiation_7_llm.dfy | T31: 170
A32: 36 | B32: =C32&"-"&D32 -> LinearSearch.dfy-1 | C32: LinearSearch.dfy | D32: 1 | E32: 0 | F32: 6.6809 | G32: 0.8479 | H32: 6.6636 | I32: 1 | J32: 0 | K32: 0 | L32: =VLOOKUP(LEFT(C32,LEN(C32)-4)&"_"&D32&"_llm.dfy",O:P,2,0) -> 24 | M32: =VLOOKUP(C32,Locs!A:C,3,0) -> 23 | N32: =VLOOKUP(C32,Locs!A:F,6,0) -> 1 | O32: FastModularExponentiation_8_llm.dfy | P32: 193 | Q32: test helpers | S32: FastModularExponentiation_8_llm.dfy | T32: 193
A33: 37 | B33: =C33&"-"&D33 -> LinearSearch.dfy-2 | C33: LinearSearch.dfy | D33: 2 | E33: 1 | F33: 11.9054 | G33: 0.8225 | H33: 11.9035 | I33: 1 | J33: 1 | K33: 1 | L33: =VLOOKUP(LEFT(C33,LEN(C33)-4)&"_"&D33&"_llm.dfy",O:P,2,0) -> 30 | M33: =VLOOKUP(C33,Locs!A:C,3,0) -> 23 | N33: =VLOOKUP(C33,Locs!A:F,6,0) -> 1 | O33: FastModularExponentiation_9_llm.dfy | P33: 200 | S33: FastModularExponentiation_9_llm.dfy | T33: 200
A34: 38 | B34: =C34&"-"&D34 -> LongestPrefix.dfy-1 | C34: LongestPrefix.dfy | D34: 1 | E34: 0 | F34: 4.6534 | G34: 0.8645 | H34: 4.6271 | I34: 1 | J34: 0 | K34: 0 | L34: =VLOOKUP(LEFT(C34,LEN(C34)-4)&"_"&D34&"_llm.dfy",O:P,2,0) -> 19 | M34: =VLOOKUP(C34,Locs!A:C,3,0) -> 20 | N34: =VLOOKUP(C34,Locs!A:F,6,0) -> 1 | O34: Fibonacci_1_llm.dfy | P34: 29 | Q34: test helpers | S34: Fibonacci_1_llm.dfy | T34: 29
A35: 39 | B35: =C35&"-"&D35 -> LongestPrefix.dfy-2 | C35: LongestPrefix.dfy | D35: 2 | E35: 1 | F35: 14.4606 | G35: 0.8798 | H35: 14.4584 | I35: 1 | J35: 1 | K35: 1 | L35: =VLOOKUP(LEFT(C35,LEN(C35)-4)&"_"&D35&"_llm.dfy",O:P,2,0) -> 26 | M35: =VLOOKUP(C35,Locs!A:C,3,0) -> 20 | N35: =VLOOKUP(C35,Locs!A:F,6,0) -> 1 | O35: FindMax_1_llm.dfy | P35: 28 | S35: FindMax_1_llm.dfy | T35: 28
A36: 40 | B36: =C36&"-"&D36 -> MakeBuckets.dfy-1 | C36: MakeBuckets.dfy | D36: 1 | E36: 0 | F36: 14.4785 | G36: 1.7966 | H36: 14.4563 | I36: 1 | J36: 0 | K36: 0 | L36: =VLOOKUP(LEFT(C36,LEN(C36)-4)&"_"&D36&"_llm.dfy",O:P,2,0) -> 70 | M36: =VLOOKUP(C36,Locs!A:C,3,0) -> 45 | N36: =VLOOKUP(C36,Locs!A:F,6,0) -> 4 | O36: InsertionSort_1_llm.dfy | P36: 43 | Q36: postcond | S36: InsertionSort_1_llm.dfy | T36: 43
A37: 41 | B37: =C37&"-"&D37 -> MakeBuckets.dfy-2 | C37: MakeBuckets.dfy | D37: 2 | E37: 0 | F37: 15.0187 | G37: 2.3741 | H37: 15.0123 | I37: 1 | J37: 0 | K37: 0 | L37: =VLOOKUP(LEFT(C37,LEN(C37)-4)&"_"&D37&"_llm.dfy",O:P,2,0) -> 76 | M37: =VLOOKUP(C37,Locs!A:C,3,0) -> 45 | N37: =VLOOKUP(C37,Locs!A:F,6,0) -> 4 | O37: InsertionSort_2_llm.dfy | P37: 91 | Q37: postcond | S37: InsertionSort_2_llm.dfy | T37: 91
A38: 42 | B38: =C38&"-"&D38 -> MakeBuckets.dfy-3 | C38: MakeBuckets.dfy | D38: 3 | E38: 0 | F38: 23.2341 | G38: 0.2706 | H38: 23.232 | I38: -1 | J38: -1 | K38: -1 | L38: =VLOOKUP(LEFT(C38,LEN(C38)-4)&"_"&D38&"_llm.dfy",O:P,2,0) -> 164 | M38: =VLOOKUP(C38,Locs!A:C,3,0) -> 45 | N38: =VLOOKUP(C38,Locs!A:F,6,0) -> 4 | O38: InsertionSort_3_llm.dfy | P38: 94 | Q38: erro na extração de Dafny | S38: InsertionSort_3_llm.dfy | T38: 94
A39: 43 | B39: =C39&"-"&D39 -> MakeBuckets.dfy-4 | C39: MakeBuckets.dfy | D39: 4 | E39: 0 | F39: 10.323 | G39: 2.9963 | H39: 10.3209 | I39: 1 | J39: 0 | K39: 0 | L39: =VLOOKUP(LEFT(C39,LEN(C39)-4)&"_"&D39&"_llm.dfy",O:P,2,0) -> 79 | M39: =VLOOKUP(C39,Locs!A:C,3,0) -> 45 | N39: =VLOOKUP(C39,Locs!A:F,6,0) -> 4 | O39: IntersectIntervals_1_llm.dfy | P39: 59 | Q39: method helpers | S39: IntersectIntervals_1_llm.dfy | T39: 59
A40: 44 | B40: =C40&"-"&D40 -> MakeBuckets.dfy-5 | C40: MakeBuckets.dfy | D40: 5 | E40: 0 | F40: 14.7787 | G40: 1.9919 | H40: 14.7774 | I40: 1 | J40: 0 | K40: 0 | L40: =VLOOKUP(LEFT(C40,LEN(C40)-4)&"_"&D40&"_llm.dfy",O:P,2,0) -> 84 | M40: =VLOOKUP(C40,Locs!A:C,3,0) -> 45 | N40: =VLOOKUP(C40,Locs!A:F,6,0) -> 4 | O40: IntersectIntervals_2_llm.dfy | P40: 75 | Q40: method helpers | S40: IntersectIntervals_2_llm.dfy | T40: 75
A41: 45 | B41: =C41&"-"&D41 -> MakeBuckets.dfy-6 | C41: MakeBuckets.dfy | D41: 6 | E41: 0 | F41: 15.0915 | G41: 1.8558 | H41: 15.0896 | I41: 1 | J41: 0 | K41: 0 | L41: =VLOOKUP(LEFT(C41,LEN(C41)-4)&"_"&D41&"_llm.dfy",O:P,2,0) -> 84 | M41: =VLOOKUP(C41,Locs!A:C,3,0) -> 45 | N41: =VLOOKUP(C41,Locs!A:F,6,0) -> 4 | O41: IntersectIntervals_3_llm.dfy | P41: 78 | Q41: method helpers | S41: IntersectIntervals_3_llm.dfy | T41: 78
A42: 46 | B42: =C42&"-"&D42 -> MakeBuckets.dfy-7 | C42: MakeBuckets.dfy | D42: 7 | E42: 0 | F42: 22.4116 | G42: 2.2097 | H42: 22.4102 | I42: 1 | J42: 0 | K42: 0 | L42: =VLOOKUP(LEFT(C42,LEN(C42)-4)&"_"&D42&"_llm.dfy",O:P,2,0) -> 84 | M42: =VLOOKUP(C42,Locs!A:C,3,0) -> 45 | N42: =VLOOKUP(C42,Locs!A:F,6,0) -> 4 | O42: LinearSearch_1_llm.dfy | P42: 24 | Q42: loopinv | S42: LinearSearch_1_llm.dfy | T42: 24
A43: 47 | B43: =C43&"-"&D43 -> MakeBuckets.dfy-8 | C43: MakeBuckets.dfy | D43: 8 | E43: 0 | F43: 25.4455 | G43: 2.244 | H43: 25.4438 | I43: 1 | J43: 0 | K43: 0 | L43: =VLOOKUP(LEFT(C43,LEN(C43)-4)&"_"&D43&"_llm.dfy",O:P,2,0) -> 83 | M43: =VLOOKUP(C43,Locs!A:C,3,0) -> 45 | N43: =VLOOKUP(C43,Locs!A:F,6,0) -> 4 | O43: LinearSearch_2_llm.dfy | P43: 30 | Q43: loopinv | S43: LinearSearch_2_llm.dfy | T43: 30
A44: 48 | B44: =C44&"-"&D44 -> MakeBuckets.dfy-9 | C44: MakeBuckets.dfy | D44: 9 | E44: 0 | F44: 15.3734 | G44: 1.8796 | H44: 15.3719 | I44: 1 | J44: 0 | K44: 0 | L44: =VLOOKUP(LEFT(C44,LEN(C44)-4)&"_"&D44&"_llm.dfy",O:P,2,0) -> 81 | M44: =VLOOKUP(C44,Locs!A:C,3,0) -> 45 | N44: =VLOOKUP(C44,Locs!A:F,6,0) -> 4 | O44: LongestPrefix_1_llm.dfy | P44: 19 | Q44: postcond | S44: LongestPrefix_1_llm.dfy | T44: 19
A45: 49 | B45: =C45&"-"&D45 -> MakeBuckets.dfy-10 | C45: MakeBuckets.dfy | D45: 10 | E45: 0 | F45: 25.1398 | G45: 1.9226 | H45: 25.1381 | I45: 1 | J45: 0 | K45: 0 | L45: =VLOOKUP(LEFT(C45,LEN(C45)-4)&"_"&D45&"_llm.dfy",O:P,2,0) -> 83 | M45: =VLOOKUP(C45,Locs!A:C,3,0) -> 45 | N45: =VLOOKUP(C45,Locs!A:F,6,0) -> 4 | O45: LongestPrefix_2_llm.dfy | P45: 26 | Q45: postcond | S45: LongestPrefix_2_llm.dfy | T45: 26
A46: 51 | B46: =C46&"-"&D46 -> MaxDistEqual.dfy-1 | C46: MaxDistEqual.dfy | D46: 1 | E46: 0 | F46: 15.1096 | G46: 1.8249 | H46: 15.0886 | I46: 0 | J46: 0 | K46: 0 | L46: =VLOOKUP(LEFT(C46,LEN(C46)-4)&"_"&D46&"_llm.dfy",O:P,2,0) -> 87 | M46: =VLOOKUP(C46,Locs!A:C,3,0) -> 39 | N46: =VLOOKUP(C46,Locs!A:F,6,0) -> 2 | O46: MakeBuckets_10_llm.dfy | P46: 83 | Q46: loopinv | S46: MakeBuckets_10_llm.dfy | T46: 83
A47: 52 | B47: =C47&"-"&D47 -> MaxDistEqual.dfy-2 | C47: MaxDistEqual.dfy | D47: 2 | E47: 0 | F47: 18.5205 | G47: 2.3374 | H47: 18.5187 | I47: 0 | J47: 0 | K47: 0 | L47: =VLOOKUP(LEFT(C47,LEN(C47)-4)&"_"&D47&"_llm.dfy",O:P,2,0) -> 96 | M47: =VLOOKUP(C47,Locs!A:C,3,0) -> 39 | N47: =VLOOKUP(C47,Locs!A:F,6,0) -> 2 | O47: MakeBuckets_11_llm.dfy | P47: 92 | Q47: loopinv | S47: MakeBuckets_11_llm.dfy | T47: 92
A48: 53 | B48: =C48&"-"&D48 -> MaxDistEqual.dfy-3 | C48: MaxDistEqual.dfy | D48: 3 | E48: 0 | F48: 18.6236 | G48: 2.0613 | H48: 18.6213 | I48: 1 | J48: 0 | K48: 0 | L48: =VLOOKUP(LEFT(C48,LEN(C48)-4)&"_"&D48&"_llm.dfy",O:P,2,0) -> 100 | M48: =VLOOKUP(C48,Locs!A:C,3,0) -> 39 | N48: =VLOOKUP(C48,Locs!A:F,6,0) -> 2 | O48: MakeBuckets_1_llm.dfy | P48: 70 | Q48: method helpers | S48: MakeBuckets_1_llm.dfy | T48: 70
A49: 54 | B49: =C49&"-"&D49 -> MaxDistEqual.dfy-4 | C49: MaxDistEqual.dfy | D49: 4 | E49: 1 | F49: 34.7447 | G49: 2.1186 | H49: 34.7426 | I49: 1 | J49: 1 | K49: 1 | L49: =VLOOKUP(LEFT(C49,LEN(C49)-4)&"_"&D49&"_llm.dfy",O:P,2,0) -> 113 | M49: =VLOOKUP(C49,Locs!A:C,3,0) -> 39 | N49: =VLOOKUP(C49,Locs!A:F,6,0) -> 2 | O49: MakeBuckets_2_llm.dfy | P49: 76 | S49: MakeBuckets_2_llm.dfy | T49: 76
A50: 55 | B50: =C50&"-"&D50 -> Merge.dfy-1 | C50: Merge.dfy | D50: 1 | E50: 0 | F50: 14.2141 | G50: 1.7421 | H50: 14.1887 | I50: -1 | J50: 0 | K50: 0 | L50: =VLOOKUP(LEFT(C50,LEN(C50)-4)&"_"&D50&"_llm.dfy",O:P,2,0) -> 52 | M50: =VLOOKUP(C50,Locs!A:C,3,0) -> 42 | N50: =VLOOKUP(C50,Locs!A:F,6,0) -> 6 | O50: MakeBuckets_3_llm.dfy | P50: 164 | Q50: termination | S50: MakeBuckets_3_llm.dfy | T50: 164
A51: 56 | B51: =C51&"-"&D51 -> Merge.dfy-2 | C51: Merge.dfy | D51: 2 | E51: 0 | F51: 14.3169 | G51: 63.9993 | H51: 14.3154 | I51: -1 | J51: 0 | K51: 0 | L51: =VLOOKUP(LEFT(C51,LEN(C51)-4)&"_"&D51&"_llm.dfy",O:P,2,0) -> 58 | M51: =VLOOKUP(C51,Locs!A:C,3,0) -> 42 | N51: =VLOOKUP(C51,Locs!A:F,6,0) -> 6 | O51: MakeBuckets_4_llm.dfy | P51: 79 | S51: MakeBuckets_4_llm.dfy | T51: 79
A52: 57 | B52: =C52&"-"&D52 -> Merge.dfy-3 | C52: Merge.dfy | D52: 3 | E52: 0 | F52: 16.0418 | G52: 86.6062 | H52: 16.0399 | I52: -1 | J52: 0 | K52: 0 | L52: =VLOOKUP(LEFT(C52,LEN(C52)-4)&"_"&D52&"_llm.dfy",O:P,2,0) -> 77 | M52: =VLOOKUP(C52,Locs!A:C,3,0) -> 42 | N52: =VLOOKUP(C52,Locs!A:F,6,0) -> 6 | O52: MakeBuckets_5_llm.dfy | P52: 84 | S52: MakeBuckets_5_llm.dfy | T52: 84
A53: 58 | B53: =C53&"-"&D53 -> Merge.dfy-4 | C53: Merge.dfy | D53: 4 | E53: 0 | F53: 22.2258 | G53: 63.7694 | H53: 22.224 | I53: -1 | J53: 0 | K53: 0 | L53: =VLOOKUP(LEFT(C53,LEN(C53)-4)&"_"&D53&"_llm.dfy",O:P,2,0) -> 122 | M53: =VLOOKUP(C53,Locs!A:C,3,0) -> 42 | N53: =VLOOKUP(C53,Locs!A:F,6,0) -> 6 | O53: MakeBuckets_6_llm.dfy | P53: 84 | S53: MakeBuckets_6_llm.dfy | T53: 84
A54: 59 | B54: =C54&"-"&D54 -> Merge.dfy-5 | C54: Merge.dfy | D54: 5 | E54: 0 | F54: 39.4084 | G54: 62.0551 | H54: 39.4066 | I54: -1 | J54: 0 | K54: 0 | L54: =VLOOKUP(LEFT(C54,LEN(C54)-4)&"_"&D54&"_llm.dfy",O:P,2,0) -> 202 | M54: =VLOOKUP(C54,Locs!A:C,3,0) -> 42 | N54: =VLOOKUP(C54,Locs!A:F,6,0) -> 6 | O54: MakeBuckets_7_llm.dfy | P54: 84 | S54: MakeBuckets_7_llm.dfy | T54: 84
A55: 60 | B55: =C55&"-"&D55 -> Merge.dfy-6 | C55: Merge.dfy | D55: 6 | E55: 0 | F55: 38.7451 | G55: 79.8659 | H55: 38.7438 | I55: -1 | J55: 0 | K55: 0 | L55: =VLOOKUP(LEFT(C55,LEN(C55)-4)&"_"&D55&"_llm.dfy",O:P,2,0) -> 155 | M55: =VLOOKUP(C55,Locs!A:C,3,0) -> 42 | N55: =VLOOKUP(C55,Locs!A:F,6,0) -> 6 | O55: MakeBuckets_8_llm.dfy | P55: 83 | S55: MakeBuckets_8_llm.dfy | T55: 83
A56: 61 | B56: =C56&"-"&D56 -> Merge.dfy-7 | C56: Merge.dfy | D56: 7 | E56: 0 | F56: 60.8302 | G56: 63.3668 | H56: 60.8283 | I56: -1 | J56: 0 | K56: 0 | L56: =VLOOKUP(LEFT(C56,LEN(C56)-4)&"_"&D56&"_llm.dfy",O:P,2,0) -> 183 | M56: =VLOOKUP(C56,Locs!A:C,3,0) -> 42 | N56: =VLOOKUP(C56,Locs!A:F,6,0) -> 6 | O56: MakeBuckets_9_llm.dfy | P56: 81 | S56: MakeBuckets_9_llm.dfy | T56: 81
A57: 62 | B57: =C57&"-"&D57 -> Merge.dfy-8 | C57: Merge.dfy | D57: 8 | E57: 0 | F57: 62.5461 | G57: 0.2931 | H57: 62.5442 | I57: -1 | J57: -1 | K57: -1 | L57: =VLOOKUP(LEFT(C57,LEN(C57)-4)&"_"&D57&"_llm.dfy",O:P,2,0) -> 101 | M57: =VLOOKUP(C57,Locs!A:C,3,0) -> 42 | N57: =VLOOKUP(C57,Locs!A:F,6,0) -> 6 | O57: MaxDistEqual_1_llm.dfy | P57: 87 | Q57: erro na extração de Dafny | S57: MaxDistEqual_1_llm.dfy | T57: 87
A58: 63 | B58: =C58&"-"&D58 -> Merge.dfy-9 | C58: Merge.dfy | D58: 9 | E58: 0 | F58: 30.6312 | G58: 61.9041 | H58: 30.6298 | I58: -1 | J58: 0 | K58: 0 | L58: =VLOOKUP(LEFT(C58,LEN(C58)-4)&"_"&D58&"_llm.dfy",O:P,2,0) -> 114 | M58: =VLOOKUP(C58,Locs!A:C,3,0) -> 42 | N58: =VLOOKUP(C58,Locs!A:F,6,0) -> 6 | O58: MaxDistEqual_2_llm.dfy | P58: 96 | S58: MaxDistEqual_2_llm.dfy | T58: 96
A59: 64 | B59: =C59&"-"&D59 -> Merge.dfy-10 | C59: Merge.dfy | D59: 10 | E59: 1 | F59: 41.6703 | G59: 32.0206 | H59: 41.6687 | I59: 1 | J59: 1 | K59: 1 | L59: =VLOOKUP(LEFT(C59,LEN(C59)-4)&"_"&D59&"_llm.dfy",O:P,2,0) -> 167 | M59: =VLOOKUP(C59,Locs!A:C,3,0) -> 42 | N59: =VLOOKUP(C59,Locs!A:F,6,0) -> 6 | O59: MaxDistEqual_3_llm.dfy | P59: 100 | S59: MaxDistEqual_3_llm.dfy | T59: 100
A60: 65 | B60: =C60&"-"&D60 -> Mode.dfy-1 | C60: Mode.dfy | D60: 1 | E60: 0 | F60: 14.0076 | G60: 61.9832 | H60: 13.9831 | I60: -1 | J60: 0 | K60: 0 | L60: =VLOOKUP(LEFT(C60,LEN(C60)-4)&"_"&D60&"_llm.dfy",O:P,2,0) -> 98 | M60: =VLOOKUP(C60,Locs!A:C,3,0) -> 46 | N60: =VLOOKUP(C60,Locs!A:F,6,0) -> 3 | O60: MaxDistEqual_4_llm.dfy | P60: 113 | S60: MaxDistEqual_4_llm.dfy | T60: 113
A61: 66 | B61: =C61&"-"&D61 -> Mode.dfy-2 | C61: Mode.dfy | D61: 2 | E61: 0 | F61: 24.101 | G61: 61.9862 | H61: 24.0992 | I61: -1 | J61: 0 | K61: 0 | L61: =VLOOKUP(LEFT(C61,LEN(C61)-4)&"_"&D61&"_llm.dfy",O:P,2,0) -> 119 | M61: =VLOOKUP(C61,Locs!A:C,3,0) -> 46 | N61: =VLOOKUP(C61,Locs!A:F,6,0) -> 3 | O61: Merge_10_llm.dfy | P61: 167 | S61: Merge_10_llm.dfy | T61: 167
A62: 67 | B62: =C62&"-"&D62 -> Mode.dfy-3 | C62: Mode.dfy | D62: 3 | E62: 1 | F62: 19.7789 | G62: 1.6665 | H62: 19.7766 | I62: 1 | J62: 1 | K62: 1 | L62: =VLOOKUP(LEFT(C62,LEN(C62)-4)&"_"&D62&"_llm.dfy",O:P,2,0) -> 135 | M62: =VLOOKUP(C62,Locs!A:C,3,0) -> 46 | N62: =VLOOKUP(C62,Locs!A:F,6,0) -> 3 | O62: Merge_1_llm.dfy | P62: 52 | S62: Merge_1_llm.dfy | T62: 52
A63: 68 | B63: =C63&"-"&D63 -> PartitionOddEven.dfy-1 | C63: PartitionOddEven.dfy | D63: 1 | E63: 0 | F63: 6.8617 | G63: 1.7516 | H63: 6.8372 | I63: 0 | J63: 0 | K63: 0 | L63: =VLOOKUP(LEFT(C63,LEN(C63)-4)&"_"&D63&"_llm.dfy",O:P,2,0) -> 33 | M63: =VLOOKUP(C63,Locs!A:C,3,0) -> 30 | N63: =VLOOKUP(C63,Locs!A:F,6,0) -> 1 | O63: Merge_2_llm.dfy | P63: 58 | Q63: postcond | S63: Merge_2_llm.dfy | T63: 58
A64: 69 | B64: =C64&"-"&D64 -> PartitionOddEven.dfy-2 | C64: PartitionOddEven.dfy | D64: 2 | E64: 1 | F64: 17.7778 | G64: 1.7767 | H64: 17.7722 | I64: 1 | J64: 1 | K64: 1 | L64: =VLOOKUP(LEFT(C64,LEN(C64)-4)&"_"&D64&"_llm.dfy",O:P,2,0) -> 40 | M64: =VLOOKUP(C64,Locs!A:C,3,0) -> 30 | N64: =VLOOKUP(C64,Locs!A:F,6,0) -> 1 | O64: Merge_3_llm.dfy | P64: 77 | S64: Merge_3_llm.dfy | T64: 77
A65: 70 | B65: =C65&"-"&D65 -> PrimeFactors.dfy-1 | C65: PrimeFactors.dfy | D65: 1 | E65: 0 | F65: 15.1081 | G65: 61.7415 | H65: 15.0886 | I65: -1 | J65: 0 | K65: 0 | L65: =VLOOKUP(LEFT(C65,LEN(C65)-4)&"_"&D65&"_llm.dfy",O:P,2,0) -> 61 | M65: =VLOOKUP(C65,Locs!A:C,3,0) -> 227 | N65: =VLOOKUP(C65,Locs!A:F,6,0) -> 17 | O65: Merge_4_llm.dfy | P65: 122 | S65: Merge_4_llm.dfy | T65: 122
A66: 71 | B66: =C66&"-"&D66 -> PrimeFactors.dfy-2 | C66: PrimeFactors.dfy | D66: 2 | E66: 0 | F66: 14.421 | G66: 3.237 | H66: 14.4194 | I66: -1 | J66: 0 | K66: 0 | L66: =VLOOKUP(LEFT(C66,LEN(C66)-4)&"_"&D66&"_llm.dfy",O:P,2,0) -> 99 | M66: =VLOOKUP(C66,Locs!A:C,3,0) -> 227 | N66: =VLOOKUP(C66,Locs!A:F,6,0) -> 17 | O66: Merge_5_llm.dfy | P66: 202 | Q66: method helpers | S66: Merge_5_llm.dfy | T66: 202
A67: 72 | B67: =C67&"-"&D67 -> PrimeFactors.dfy-3 | C67: PrimeFactors.dfy | D67: 3 | E67: 0 | F67: 18.701 | G67: 61.7943 | H67: 18.6994 | I67: -1 | J67: 0 | K67: 0 | L67: =VLOOKUP(LEFT(C67,LEN(C67)-4)&"_"&D67&"_llm.dfy",O:P,2,0) -> 129 | M67: =VLOOKUP(C67,Locs!A:C,3,0) -> 227 | N67: =VLOOKUP(C67,Locs!A:F,6,0) -> 17 | O67: Merge_6_llm.dfy | P67: 155 | S67: Merge_6_llm.dfy | T67: 155
A68: 73 | B68: =C68&"-"&D68 -> PrimeFactors.dfy-4 | C68: PrimeFactors.dfy | D68: 4 | E68: 0 | F68: 62.2211 | G68: 0.2623 | H68: 62.2196 | I68: -1 | J68: -1 | K68: -1 | L68: =VLOOKUP(LEFT(C68,LEN(C68)-4)&"_"&D68&"_llm.dfy",O:P,2,0) -> 145 | M68: =VLOOKUP(C68,Locs!A:C,3,0) -> 227 | N68: =VLOOKUP(C68,Locs!A:F,6,0) -> 17 | O68: Merge_7_llm.dfy | P68: 183 | Q68: erro na extração de Dafny | S68: Merge_7_llm.dfy | T68: 183
A69: 74 | B69: =C69&"-"&D69 -> PrimeFactors.dfy-5 | C69: PrimeFactors.dfy | D69: 5 | E69: 0 | F69: 23.8136 | G69: 61.3071 | H69: 23.8122 | I69: -1 | J69: 0 | K69: 0 | L69: =VLOOKUP(LEFT(C69,LEN(C69)-4)&"_"&D69&"_llm.dfy",O:P,2,0) -> 142 | M69: =VLOOKUP(C69,Locs!A:C,3,0) -> 227 | N69: =VLOOKUP(C69,Locs!A:F,6,0) -> 17 | O69: Merge_8_llm.dfy | P69: 101 | S69: Merge_8_llm.dfy | T69: 101
A70: 75 | B70: =C70&"-"&D70 -> PrimeFactors.dfy-6 | C70: PrimeFactors.dfy | D70: 6 | E70: 0 | F70: 26.4993 | G70: 62.4027 | H70: 26.4978 | I70: -1 | J70: 0 | K70: 0 | L70: =VLOOKUP(LEFT(C70,LEN(C70)-4)&"_"&D70&"_llm.dfy",O:P,2,0) -> 137 | M70: =VLOOKUP(C70,Locs!A:C,3,0) -> 227 | N70: =VLOOKUP(C70,Locs!A:F,6,0) -> 17 | O70: Merge_9_llm.dfy | P70: 114 | S70: Merge_9_llm.dfy | T70: 114
A71: 76 | B71: =C71&"-"&D71 -> PrimeFactors.dfy-7 | C71: PrimeFactors.dfy | D71: 7 | E71: 0 | F71: 25.7654 | G71: 62.5827 | H71: 25.7638 | I71: -1 | J71: 0 | K71: 0 | L71: =VLOOKUP(LEFT(C71,LEN(C71)-4)&"_"&D71&"_llm.dfy",O:P,2,0) -> 139 | M71: =VLOOKUP(C71,Locs!A:C,3,0) -> 227 | N71: =VLOOKUP(C71,Locs!A:F,6,0) -> 17 | O71: Mode_1_llm.dfy | P71: 98 | S71: Mode_1_llm.dfy | T71: 98
A72: 77 | B72: =C72&"-"&D72 -> PrimeFactors.dfy-8 | C72: PrimeFactors.dfy | D72: 8 | E72: 0 | F72: 17.6286 | G72: 62.3634 | H72: 17.6267 | I72: -1 | J72: 0 | K72: 0 | L72: =VLOOKUP(LEFT(C72,LEN(C72)-4)&"_"&D72&"_llm.dfy",O:P,2,0) -> 139 | M72: =VLOOKUP(C72,Locs!A:C,3,0) -> 227 | N72: =VLOOKUP(C72,Locs!A:F,6,0) -> 17 | O72: Mode_2_llm.dfy | P72: 119 | S72: Mode_2_llm.dfy | T72: 119
A73: 78 | B73: =C73&"-"&D73 -> PrimeFactors.dfy-9 | C73: PrimeFactors.dfy | D73: 9 | E73: 0 | F73: 30.6624 | G73: 61.7256 | H73: 30.6605 | I73: -1 | J73: 0 | K73: 0 | L73: =VLOOKUP(LEFT(C73,LEN(C73)-4)&"_"&D73&"_llm.dfy",O:P,2,0) -> 131 | M73: =VLOOKUP(C73,Locs!A:C,3,0) -> 227 | N73: =VLOOKUP(C73,Locs!A:F,6,0) -> 17 | O73: Mode_3_llm.dfy | P73: 135 | S73: Mode_3_llm.dfy | T73: 135
A74: 79 | B74: =C74&"-"&D74 -> PrimeFactors.dfy-10 | C74: PrimeFactors.dfy | D74: 10 | E74: 0 | F74: 33.7712 | G74: 62.316 | H74: 33.7691 | I74: -1 | J74: 0 | K74: 0 | L74: =VLOOKUP(LEFT(C74,LEN(C74)-4)&"_"&D74&"_llm.dfy",O:P,2,0) -> 140 | M74: =VLOOKUP(C74,Locs!A:C,3,0) -> 227 | N74: =VLOOKUP(C74,Locs!A:F,6,0) -> 17 | O74: PartitionOddEven_1_llm.dfy | P74: 33 | S74: PartitionOddEven_1_llm.dfy | T74: 33
A75: 90 | B75: =C75&"-"&D75 -> RawSort.dfy-1 | C75: RawSort.dfy | D75: 1 | E75: 0 | F75: 7.0609 | G75: 1.6752 | H75: 7.0536 | I75: -1 | J75: 0 | K75: 0 | L75: =VLOOKUP(LEFT(C75,LEN(C75)-4)&"_"&D75&"_llm.dfy",O:P,2,0) -> 37 | M75: =VLOOKUP(C75,Locs!A:C,3,0) -> 48 | N75: =VLOOKUP(C75,Locs!A:F,6,0) -> 9 | O75: PartitionOddEven_2_llm.dfy | P75: 40 | Q75: decreases | S75: PartitionOddEven_2_llm.dfy | T75: 40
A76: 91 | B76: =C76&"-"&D76 -> RawSort.dfy-2 | C76: RawSort.dfy | D76: 2 | E76: 0 | F76: 19.8444 | G76: 0.9217 | H76: 19.8426 | I76: -1 | J76: -1 | K76: -1 | L76: =VLOOKUP(LEFT(C76,LEN(C76)-4)&"_"&D76&"_llm.dfy",O:P,2,0) -> 88 | M76: =VLOOKUP(C76,Locs!A:C,3,0) -> 48 | N76: =VLOOKUP(C76,Locs!A:F,6,0) -> 9 | O76: PrimeFactors_10_llm.dfy | P76: 140 | S76: PrimeFactors_10_llm.dfy | T76: 140
A77: 92 | B77: =C77&"-"&D77 -> RawSort.dfy-3 | C77: RawSort.dfy | D77: 3 | E77: 0 | F77: 27.9322 | G77: 1.1602 | H77: 27.9308 | I77: -1 | J77: -1 | K77: -1 | L77: =VLOOKUP(LEFT(C77,LEN(C77)-4)&"_"&D77&"_llm.dfy",O:P,2,0) -> 139 | M77: =VLOOKUP(C77,Locs!A:C,3,0) -> 48 | N77: =VLOOKUP(C77,Locs!A:F,6,0) -> 9 | O77: PrimeFactors_11_llm.dfy | P77: 158 | S77: PrimeFactors_11_llm.dfy | T77: 158
A78: 93 | B78: =C78&"-"&D78 -> RawSort.dfy-4 | C78: RawSort.dfy | D78: 4 | E78: 0 | F78: 31.3472 | G78: 2.4284 | H78: 31.3391 | I78: -1 | J78: 0 | K78: 0 | L78: =VLOOKUP(LEFT(C78,LEN(C78)-4)&"_"&D78&"_llm.dfy",O:P,2,0) -> 159 | M78: =VLOOKUP(C78,Locs!A:C,3,0) -> 48 | N78: =VLOOKUP(C78,Locs!A:F,6,0) -> 9 | O78: PrimeFactors_12_llm.dfy | P78: 147 | Q78: method helpers | S78: PrimeFactors_12_llm.dfy | T78: 147
A79: 94 | B79: =C79&"-"&D79 -> RawSort.dfy-5 | C79: RawSort.dfy | D79: 5 | E79: 0 | F79: 52.873 | G79: 5.0157 | H79: 52.8708 | I79: -1 | J79: -1 | K79: -1 | L79: =VLOOKUP(LEFT(C79,LEN(C79)-4)&"_"&D79&"_llm.dfy",O:P,2,0) -> 194 | M79: =VLOOKUP(C79,Locs!A:C,3,0) -> 48 | N79: =VLOOKUP(C79,Locs!A:F,6,0) -> 9 | O79: PrimeFactors_13_llm.dfy | P79: 154 | S79: PrimeFactors_13_llm.dfy | T79: 154
A80: 95 | B80: =C80&"-"&D80 -> RawSort.dfy-6 | C80: RawSort.dfy | D80: 6 | E80: 0 | F80: 52.6863 | G80: 2.7521 | H80: 52.6839 | I80: -1 | J80: 0 | K80: 0 | L80: =VLOOKUP(LEFT(C80,LEN(C80)-4)&"_"&D80&"_llm.dfy",O:P,2,0) -> 221 | M80: =VLOOKUP(C80,Locs!A:C,3,0) -> 48 | N80: =VLOOKUP(C80,Locs!A:F,6,0) -> 9 | O80: PrimeFactors_14_llm.dfy | P80: 171 | Q80: postcond | S80: PrimeFactors_14_llm.dfy | T80: 171
A81: 96 | B81: =C81&"-"&D81 -> RawSort.dfy-7 | C81: RawSort.dfy | D81: 7 | E81: 0 | F81: 28.7867 | G81: 2.4816 | H81: 28.7846 | I81: -1 | J81: -1 | K81: -1 | L81: =VLOOKUP(LEFT(C81,LEN(C81)-4)&"_"&D81&"_llm.dfy",O:P,2,0) -> 199 | M81: =VLOOKUP(C81,Locs!A:C,3,0) -> 48 | N81: =VLOOKUP(C81,Locs!A:F,6,0) -> 9 | O81: PrimeFactors_15_llm.dfy | P81: 151 | S81: PrimeFactors_15_llm.dfy | T81: 151
A82: 97 | B82: =C82&"-"&D82 -> RawSort.dfy-8 | C82: RawSort.dfy | D82: 8 | E82: 1 | F82: 30.1412 | G82: 2.7745 | H82: 30.1381 | I82: -1 | J82: 0 | K82: 0 | L82: =VLOOKUP(LEFT(C82,LEN(C82)-4)&"_"&D82&"_llm.dfy",O:P,2,0) -> 232 | M82: =VLOOKUP(C82,Locs!A:C,3,0) -> 48 | N82: =VLOOKUP(C82,Locs!A:F,6,0) -> 9 | O82: PrimeFactors_16_llm.dfy | P82: 167 | Q82: method helpers | S82: PrimeFactors_16_llm.dfy | T82: 167
O83: PrimeFactors_17_llm.dfy | P83: 159 | S83: PrimeFactors_17_llm.dfy | T83: 159
O84: PrimeFactors_18_llm.dfy | P84: 173 | S84: PrimeFactors_18_llm.dfy | T84: 173
A85: 102 | B85: =C85&"-"&D85 -> Recaman.dfy-1 | C85: Recaman.dfy | D85: 1 | E85: 0 | F85: 16.9115 | G85: 1.0884 | H85: 16.8893 | I85: -1 | J85: 0 | K85: 0 | L85: =VLOOKUP(LEFT(C85,LEN(C85)-4)&"_"&D85&"_llm.dfy",O:P,2,0) -> 98 | M85: =VLOOKUP(C85,Locs!A:C,3,0) -> 57 | N85: =VLOOKUP(C85,Locs!A:F,6,0) -> 0 | O85: PrimeFactors_19_llm.dfy | P85: 156 | Q85: method problems | S85: PrimeFactors_19_llm.dfy | T85: 156
A86: 102 | B86: =C86&"-"&D86 -> Recaman.dfy-2 | C86: Recaman.dfy | D86: 2 | E86: 0 | F86: 16.8253 | G86: 1.791 | H86: 16.8239 | I86: -1 | J86: 0 | K86: 0 | L86: =VLOOKUP(LEFT(C86,LEN(C86)-4)&"_"&D86&"_llm.dfy",O:P,2,0) -> 96 | M86: =VLOOKUP(C86,Locs!A:C,3,0) -> 57 | N86: =VLOOKUP(C86,Locs!A:F,6,0) -> 0 | O86: PrimeFactors_1_llm.dfy | P86: 61 | Q86: test helpers | S86: PrimeFactors_1_llm.dfy | T86: 61
A87: 103 | B87: =C87&"-"&D87 -> Recaman.dfy-3 | C87: Recaman.dfy | D87: 3 | E87: 1 | F87: 17.548 | G87: 13.9575 | H87: 17.5465 | I87: 1 | J87: 1 | K87: 1 | L87: =VLOOKUP(LEFT(C87,LEN(C87)-4)&"_"&D87&"_llm.dfy",O:P,2,0) -> 110 | M87: =VLOOKUP(C87,Locs!A:C,3,0) -> 57 | N87: =VLOOKUP(C87,Locs!A:F,6,0) -> 0 | O87: PrimeFactors_20_llm.dfy | P87: 174 | S87: PrimeFactors_20_llm.dfy | T87: 174
A88: 104 | B88: =C88&"-"&D88 -> RotateLeft.dfy-1 | C88: RotateLeft.dfy | D88: 1 | E88: 1 | F88: 7.6049 | G88: 0.786 | H88: 7.5839 | I88: 1 | J88: 1 | K88: 1 | L88: =VLOOKUP(LEFT(C88,LEN(C88)-4)&"_"&D88&"_llm.dfy",O:P,2,0) -> 25 | M88: =VLOOKUP(C88,Locs!A:C,3,0) -> 24 | N88: =VLOOKUP(C88,Locs!A:F,6,0) -> 0 | O88: PrimeFactors_2_llm.dfy | P88: 99 | S88: PrimeFactors_2_llm.dfy | T88: 99
A89: 105 | B89: =C89&"-"&D89 -> SelectionSort.dfy-1 | C89: SelectionSort.dfy | D89: 1 | E89: 0 | F89: 11.0846 | G89: 1.7589 | H89: 11.0627 | I89: 1 | J89: 0 | K89: 0 | L89: =VLOOKUP(LEFT(C89,LEN(C89)-4)&"_"&D89&"_llm.dfy",O:P,2,0) -> 51 | M89: =VLOOKUP(C89,Locs!A:C,3,0) -> 38 | N89: =VLOOKUP(C89,Locs!A:F,6,0) -> 1 | O89: PrimeFactors_3_llm.dfy | P89: 129 | Q89: test helpers | S89: PrimeFactors_3_llm.dfy | T89: 129
A90: 106 | B90: =C90&"-"&D90 -> SelectionSort.dfy-2 | C90: SelectionSort.dfy | D90: 2 | E90: 0 | F90: 19.5161 | G90: 2.1352 | H90: 19.5144 | I90: 0 | J90: 0 | K90: 0 | L90: =VLOOKUP(LEFT(C90,LEN(C90)-4)&"_"&D90&"_llm.dfy",O:P,2,0) -> 84 | M90: =VLOOKUP(C90,Locs!A:C,3,0) -> 38 | N90: =VLOOKUP(C90,Locs!A:F,6,0) -> 1 | O90: PrimeFactors_4_llm.dfy | P90: 145 | Q90: test helpers | S90: PrimeFactors_4_llm.dfy | T90: 145
A91: 107 | B91: =C91&"-"&D91 -> SelectionSort.dfy-3 | C91: SelectionSort.dfy | D91: 3 | E91: 1 | F91: 16.0609 | G91: 1.3623 | H91: 16.0587 | I91: 1 | J91: 1 | K91: 1 | L91: =VLOOKUP(LEFT(C91,LEN(C91)-4)&"_"&D91&"_llm.dfy",O:P,2,0) -> 93 | M91: =VLOOKUP(C91,Locs!A:C,3,0) -> 38 | N91: =VLOOKUP(C91,Locs!A:F,6,0) -> 1 | O91: PrimeFactors_5_llm.dfy | P91: 142 | S91: PrimeFactors_5_llm.dfy | T91: 142
A92: 108 | B92: =C92&"-"&D92 -> task_id_105.dfy-1 | C92: task_id_105.dfy | D92: 1 | E92: 0 | F92: 6.3514 | G92: 1.698 | H92: 6.3328 | I92: -1 | J92: 0 | K92: 0 | L92: =VLOOKUP(LEFT(C92,LEN(C92)-4)&"_"&D92&"_llm.dfy",O:P,2,0) -> 31 | M92: =VLOOKUP(C92,Locs!A:C,3,0) -> 26 | N92: =VLOOKUP(C92,Locs!A:F,6,0) -> 3 | O92: PrimeFactors_6_llm.dfy | P92: 137 | Q92: postcond | S92: PrimeFactors_6_llm.dfy | T92: 137
A93: 109 | B93: =C93&"-"&D93 -> task_id_105.dfy-2 | C93: task_id_105.dfy | D93: 2 | E93: 1 | F93: 11.1754 | G93: 1.6843 | H93: 11.1737 | I93: 1 | J93: 1 | K93: 1 | L93: =VLOOKUP(LEFT(C93,LEN(C93)-4)&"_"&D93&"_llm.dfy",O:P,2,0) -> 33 | M93: =VLOOKUP(C93,Locs!A:C,3,0) -> 26 | N93: =VLOOKUP(C93,Locs!A:F,6,0) -> 3 | O93: PrimeFactors_7_llm.dfy | P93: 139 | S93: PrimeFactors_7_llm.dfy | T93: 139
A94: 110 | B94: =C94&"-"&D94 -> task_id_106.dfy-1 | C94: task_id_106.dfy | D94: 1 | E94: 1 | F94: 5.3439 | G94: 0.8361 | H94: 5.3252 | I94: 1 | J94: 1 | K94: 1 | L94: =VLOOKUP(LEFT(C94,LEN(C94)-4)&"_"&D94&"_llm.dfy",O:P,2,0) -> 24 | M94: =VLOOKUP(C94,Locs!A:C,3,0) -> 24 | N94: =VLOOKUP(C94,Locs!A:F,6,0) -> 0 | O94: PrimeFactors_8_llm.dfy | P94: 139 | S94: PrimeFactors_8_llm.dfy | T94: 139
A95: 111 | B95: =C95&"-"&D95 -> task_id_113.dfy-1 | C95: task_id_113.dfy | D95: 1 | E95: 0 | F95: 7.7341 | G95: 0.8708 | H95: 7.7056 | I95: 1 | J95: 0 | K95: 0 | L95: =VLOOKUP(LEFT(C95,LEN(C95)-4)&"_"&D95&"_llm.dfy",O:P,2,0) -> 32 | M95: =VLOOKUP(C95,Locs!A:C,3,0) -> 30 | N95: =VLOOKUP(C95,Locs!A:F,6,0) -> 1 | O95: PrimeFactors_9_llm.dfy | P95: 131 | Q95: test helpers | S95: PrimeFactors_9_llm.dfy | T95: 131
A96: 112 | B96: =C96&"-"&D96 -> task_id_113.dfy-2 | C96: task_id_113.dfy | D96: 2 | E96: 1 | F96: 15.6397 | G96: 0.8617 | H96: 15.6373 | I96: 1 | J96: 1 | K96: 1 | L96: =VLOOKUP(LEFT(C96,LEN(C96)-4)&"_"&D96&"_llm.dfy",O:P,2,0) -> 36 | M96: =VLOOKUP(C96,Locs!A:C,3,0) -> 30 | N96: =VLOOKUP(C96,Locs!A:F,6,0) -> 1 | O96: RawSort_1_llm.dfy | P96: 37 | S96: RawSort_1_llm.dfy | T96: 37
A97: 113 | B97: =C97&"-"&D97 -> task_id_126.dfy-1 | C97: task_id_126.dfy | D97: 1 | E97: 0 | F97: 15.2983 | G97: 1.7744 | H97: 15.2753 | I97: -1 | J97: 0 | K97: 0 | L97: =VLOOKUP(LEFT(C97,LEN(C97)-4)&"_"&D97&"_llm.dfy",O:P,2,0) -> 68 | M97: =VLOOKUP(C97,Locs!A:C,3,0) -> 46 | N97: =VLOOKUP(C97,Locs!A:F,6,0) -> 2 | O97: RawSort_2_llm.dfy | P97: 88 | Q97: test helpers | S97: RawSort_2_llm.dfy | T97: 88
A98: 114 | B98: =C98&"-"&D98 -> task_id_126.dfy-2 | C98: task_id_126.dfy | D98: 2 | E98: 0 | F98: 22.641 | G98: 1.6821 | H98: 22.6394 | I98: -1 | J98: 0 | K98: 0 | L98: =VLOOKUP(LEFT(C98,LEN(C98)-4)&"_"&D98&"_llm.dfy",O:P,2,0) -> 94 | M98: =VLOOKUP(C98,Locs!A:C,3,0) -> 46 | N98: =VLOOKUP(C98,Locs!A:F,6,0) -> 2 | O98: RawSort_3_llm.dfy | P98: 139 | Q98: test helpers | S98: RawSort_3_llm.dfy | T98: 139
A99: 115 | B99: =C99&"-"&D99 -> task_id_126.dfy-3 | C99: task_id_126.dfy | D99: 3 | E99: 1 | F99: 27.2583 | G99: 0.9818 | H99: 27.2569 | I99: 1 | J99: 1 | K99: 1 | L99: =VLOOKUP(LEFT(C99,LEN(C99)-4)&"_"&D99&"_llm.dfy",O:P,2,0) -> 100 | M99: =VLOOKUP(C99,Locs!A:C,3,0) -> 46 | N99: =VLOOKUP(C99,Locs!A:F,6,0) -> 2 | O99: RawSort_4_llm.dfy | P99: 159 | S99: RawSort_4_llm.dfy | T99: 159
A100: 116 | B100: =C100&"-"&D100 -> task_id_133.dfy-1 | C100: task_id_133.dfy | D100: 1 | E100: 1 | F100: 6.4868 | G100: 1.663 | H100: 6.4633 | I100: 1 | J100: 1 | K100: 1 | L100: =VLOOKUP(LEFT(C100,LEN(C100)-4)&"_"&D100&"_llm.dfy",O:P,2,0) -> 29 | M100: =VLOOKUP(C100,Locs!A:C,3,0) -> 28 | N100: =VLOOKUP(C100,Locs!A:F,6,0) -> 0 | O100: RawSort_5_llm.dfy | P100: 194 | S100: RawSort_5_llm.dfy | T100: 194
A101: 117 | B101: =C101&"-"&D101 -> task_id_145.dfy-1 | C101: task_id_145.dfy | D101: 1 | E101: 0 | F101: 7.658 | G101: 0.901 | H101: 7.636 | I101: 1 | J101: 0 | K101: 0 | L101: =VLOOKUP(LEFT(C101,LEN(C101)-4)&"_"&D101&"_llm.dfy",O:P,2,0) -> 32 | M101: =VLOOKUP(C101,Locs!A:C,3,0) -> 37 | N101: =VLOOKUP(C101,Locs!A:F,6,0) -> 6 | O101: RawSort_6_llm.dfy | P101: 221 | Q101: test helpers | S101: RawSort_6_llm.dfy | T101: 221
A102: 118 | B102: =C102&"-"&D102 -> task_id_145.dfy-2 | C102: task_id_145.dfy | D102: 2 | E102: 0 | F102: 17.4959 | G102: 1.7553 | H102: 17.4937 | I102: 0 | J102: 0 | K102: 0 | L102: =VLOOKUP(LEFT(C102,LEN(C102)-4)&"_"&D102&"_llm.dfy",O:P,2,0) -> 52 | M102: =VLOOKUP(C102,Locs!A:C,3,0) -> 37 | N102: =VLOOKUP(C102,Locs!A:F,6,0) -> 6 | O102: RawSort_7_llm.dfy | P102: 199 | Q102: test helpers | S102: RawSort_7_llm.dfy | T102: 199
A103: 119 | B103: =C103&"-"&D103 -> task_id_145.dfy-3 | C103: task_id_145.dfy | D103: 3 | E103: 1 | F103: 22.7316 | G103: 1.7314 | H103: 22.7295 | I103: 1 | J103: 1 | K103: 1 | L103: =VLOOKUP(LEFT(C103,LEN(C103)-4)&"_"&D103&"_llm.dfy",O:P,2,0) -> 50 | M103: =VLOOKUP(C103,Locs!A:C,3,0) -> 37 | N103: =VLOOKUP(C103,Locs!A:F,6,0) -> 6 | O103: RawSort_8_llm.dfy | P103: 232 | S103: RawSort_8_llm.dfy | T103: 232
...

Sheet Results_ClaudeOpus4.5T0Repair
A1: Ordering | B1: Key | C1: Filename | D1: Attempt | E1: Success | F1: Time Gen | G1: Time Ver | H1: Time API Call | I1: Success Merged Original | J1: Success Raw | K1: Success Postprocessed | L1: LOC llm | M1: LOC man | N1: Helpers + lemmas | O1: File | P1: LOC
A2: 1 | B2: =C2&"-"&D2 -> BinarySearch.dfy-1 | C2: BinarySearch.dfy | D2: 1 | E2: 1 | F2: 8.0386 | G2: 2.2839 | H2: 8.013 | I2: 1 | J2: 1 | K2: 1 | L2: =VLOOKUP(LEFT(C2,LEN(C2)-4)&"_"&D2&"_llm.dfy",O:P,2,0) -> 47 | M2: =VLOOKUP(C2,Locs!A:C,3,0) -> 38 | N2: =VLOOKUP(C2,Locs!A:F,6,0) -> 0 | O2: BinarySearch_1_llm.dfy | P2: 47
A3: 2 | B3: =C3&"-"&D3 -> BubbleSort.dfy-1 | C3: BubbleSort.dfy | D3: 1 | E3: 0 | F3: 10.5018 | G3: 15.7948 | H3: 10.4981 | I3: -1 | J3: 0 | K3: 0 | L3: =VLOOKUP(LEFT(C3,LEN(C3)-4)&"_"&D3&"_llm.dfy",O:P,2,0) -> 53 | M3: =VLOOKUP(C3,Locs!A:C,3,0) -> 44 | N3: =VLOOKUP(C3,Locs!A:F,6,0) -> 1 | O3: BubbleSort_1_llm.dfy | P3: 53
A4: 3 | B4: =C4&"-"&D4 -> BubbleSort.dfy-2 | C4: BubbleSort.dfy | D4: 2 | E4: 0 | F4: 16.1184 | G4: 2.8955 | H4: 16.1168 | I4: -1 | J4: 0 | K4: 0 | L4: =VLOOKUP(LEFT(C4,LEN(C4)-4)&"_"&D4&"_llm.dfy",O:P,2,0) -> 60 | M4: =VLOOKUP(C4,Locs!A:C,3,0) -> 44 | N4: =VLOOKUP(C4,Locs!A:F,6,0) -> 1 | O4: BubbleSort_2_llm.dfy | P4: 60
A5: 4 | B5: =C5&"-"&D5 -> BubbleSort.dfy-3 | C5: BubbleSort.dfy | D5: 3 | E5: 1 | F5: 20.292 | G5: 2.8784 | H5: 20.2885 | I5: 1 | J5: 1 | K5: 1 | L5: =VLOOKUP(LEFT(C5,LEN(C5)-4)&"_"&D5&"_llm.dfy",O:P,2,0) -> 63 | M5: =VLOOKUP(C5,Locs!A:C,3,0) -> 44 | N5: =VLOOKUP(C5,Locs!A:F,6,0) -> 1 | O5: BubbleSort_3_llm.dfy | P5: 63
A6: 5 | B6: =C6&"-"&D6 -> Catalan.dfy-1 | C6: Catalan.dfy | D6: 1 | E6: 1 | F6: 5.9743 | G6: 0.7237 | H6: 5.9489 | I6: 1 | J6: 1 | K6: 1 | L6: =VLOOKUP(LEFT(C6,LEN(C6)-4)&"_"&D6&"_llm.dfy",O:P,2,0) -> 30 | M6: =VLOOKUP(C6,Locs!A:C,3,0) -> 28 | N6: =VLOOKUP(C6,Locs!A:F,6,0) -> 0 | O6: Catalan_1_llm.dfy | P6: 30
A7: 6 | B7: =C7&"-"&D7 -> CombNK.dfy-1 | C7: CombNK.dfy | D7: 1 | E7: 0 | F7: 10.7748 | G7: 1.6958 | H7: 10.7496 | I7: -1 | J7: 0 | K7: 0 | L7: =VLOOKUP(LEFT(C7,LEN(C7)-4)&"_"&D7&"_llm.dfy",O:P,2,0) -> 44 | M7: =VLOOKUP(C7,Locs!A:C,3,0) -> 38 | N7: =VLOOKUP(C7,Locs!A:F,6,0) -> 0 | O7: CombNK_1_llm.dfy | P7: 44
A8: 7 | B8: =C8&"-"&D8 -> CombNK.dfy-2 | C8: CombNK.dfy | D8: 2 | E8: 1 | F8: 23.6332 | G8: 1.7064 | H8: 23.632 | I8: 1 | J8: 1 | K8: 1 | L8: =VLOOKUP(LEFT(C8,LEN(C8)-4)&"_"&D8&"_llm.dfy",O:P,2,0) -> 57 | M8: =VLOOKUP(C8,Locs!A:C,3,0) -> 38 | N8: =VLOOKUP(C8,Locs!A:F,6,0) -> 0 | O8: CombNK_2_llm.dfy | P8: 57
A9: 8 | B9: =C9&"-"&D9 -> CountDistinct.dfy-1 | C9: CountDistinct.dfy | D9: 1 | E9: 0 | F9: 5.6605 | G9: 1.6841 | H9: 5.6572 | I9: 0 | J9: 0 | K9: 0 | L9: =VLOOKUP(LEFT(C9,LEN(C9)-4)&"_"&D9&"_llm.dfy",O:P,2,0) -> 33 | M9: =VLOOKUP(C9,Locs!A:C,3,0) -> 39 | N9: =VLOOKUP(C9,Locs!A:F,6,0) -> 5 | O9: CountDistinct_1_llm.dfy | P9: 33
A10: 9 | B10: =C10&"-"&D10 -> CountDistinct.dfy-2 | C10: CountDistinct.dfy | D10: 2 | E10: 1 | F10: 8.6962 | G10: 1.6675 | H10: 8.6945 | I10: 1 | J10: 1 | K10: 1 | L10: =VLOOKUP(LEFT(C10,LEN(C10)-4)&"_"&D10&"_llm.dfy",O:P,2,0) -> 37 | M10: =VLOOKUP(C10,Locs!A:C,3,0) -> 39 | N10: =VLOOKUP(C10,Locs!A:F,6,0) -> 5 | O10: CountDistinct_2_llm.dfy | P10: 37
A11: 10 | B11: =C11&"-"&D11 -> Div.dfy-1 | C11: Div.dfy | D11: 1 | E11: 1 | F11: 3.7589 | G11: 0.664 | H11: 3.7567 | I11: 1 | J11: 1 | K11: 1 | L11: =VLOOKUP(LEFT(C11,LEN(C11)-4)&"_"&D11&"_llm.dfy",O:P,2,0) -> 19 | M11: =VLOOKUP(C11,Locs!A:C,3,0) -> 18 | N11: =VLOOKUP(C11,Locs!A:F,6,0) -> 0 | O11: Div_1_llm.dfy | P11: 19
A12: 11 | B12: =C12&"-"&D12 -> Factorial.dfy-1 | C12: Factorial.dfy | D12: 1 | E12: 1 | F12: 4.8694 | G12: 0.6923 | H12: 4.8423 | I12: 1 | J12: 1 | K12: 1 | L12: =VLOOKUP(LEFT(C12,LEN(C12)-4)&"_"&D12&"_llm.dfy",O:P,2,0) -> 22 | M12: =VLOOKUP(C12,Locs!A:C,3,0) -> 21 | N12: =VLOOKUP(C12,Locs!A:F,6,0) -> 0 | O12: Factorial_1_llm.dfy | P12: 22
A13: 12 | B13: =C13&"-"&D13 -> FastExponentiation.dfy-1 | C13: FastExponentiation.dfy | D13: 1 | E13: 1 | F13: 13.3903 | G13: 1.696 | H13: 13.3878 | I13: 1 | J13: 1 | K13: 1 | L13: =VLOOKUP(LEFT(C13,LEN(C13)-4)&"_"&D13&"_llm.dfy",O:P,2,0) -> 71 | M13: =VLOOKUP(C13,Locs!A:C,3,0) -> 38 | N13: =VLOOKUP(C13,Locs!A:F,6,0) -> 3 | O13: FastExponentiation_1_llm.dfy | P13: 71
... A282: 275 | B282: =C282&"-"&D282 -> task_id_95.dfy-2 | C282: task_id_95.dfy | D282: 2 | E282: 1 | F282: 11.966 | G282: 1.7336 | H282: 11.9593 | I282: 1 | J282: 1 | K282: 1 | L282: =VLOOKUP(LEFT(C282,LEN(C282)-4)&"_"&D282&"_llm.dfy",O:P,2,0) -> 40 | M282: =VLOOKUP(C282,Locs!A:C,3,0) -> 32 | N282: =VLOOKUP(C282,Locs!A:F,6,0) -> 6 | O282: task_id_95_2_llm.dfy | P282: 40

Sheet Results_GPT5.2LowRepair
A1: Ordering | B1: Key | C1: Filename | D1: Attempt | E1: Success | F1: Time Gen | G1: Time Ver | H1: Time API Call | I1: Success Merged Original | J1: Success Raw | K1: Success Postprocessed | L1: LOC llm | M1: LOC man | N1: Helpers + lemmas | O1: File | P1: LOC
A2: 1 | B2: =C2&"-"&D2 -> BinarySearch.dfy-1 | C2: BinarySearch.dfy | D2: 1 | E2: 1 | F2: 22.8852 | G2: 2.2282 | H2: 22.8823 | I2: 1 | J2: 1 | K2: 1 | L2: =VLOOKUP(LEFT(C2,LEN(C2)-4)&"_"&D2&"_llm.dfy",O:P,2,0) -> 44 | M2: =VLOOKUP(C2,Locs!A:C,3,0) -> 38 | N2: =VLOOKUP(C2,Locs!A:F,6,0) -> 0 | O2: BinarySearch_1_llm.dfy | P2: 44
A3: 2 | B3: =C3&"-"&D3 -> BubbleSort.dfy-1 | C3: BubbleSort.dfy | D3: 1 | E3: -1 | F3: 129.6288 | G3: 0.465 | H3: 129.6247 | I3: -1 | J3: -1 | K3: -1 | L3: =VLOOKUP(LEFT(C3,LEN(C3)-4)&"_"&D3&"_llm.dfy",O:P,2,0) -> 132 | M3: =VLOOKUP(C3,Locs!A:C,3,0) -> 44 | N3: =VLOOKUP(C3,Locs!A:F,6,0) -> 1 | O3: BubbleSort_10_llm.dfy | P3: 172
A4: 3 | B4: =C4&"-"&D4 -> BubbleSort.dfy-2 | C4: BubbleSort.dfy | D4: 2 | E4: -1 | F4: 40.6079 | G4: 0.4314 | H4: 40.6054 | I4: -1 | J4: -1 | K4: -1 | L4: =VLOOKUP(LEFT(C4,LEN(C4)-4)&"_"&D4&"_llm.dfy",O:P,2,0) -> 137 | M4: =VLOOKUP(C4,Locs!A:C,3,0) -> 44 | N4: =VLOOKUP(C4,Locs!A:F,6,0) -> 1 | O4: BubbleSort_1_llm.dfy | P4: 132
A5: 4 | B5: =C5&"-"&D5 -> BubbleSort.dfy-3 | C5: BubbleSort.dfy | D5: 3 | E5: -1 | F5: 27.5156 | G5: 0.4489 | H5: 27.5088 | I5: -1 | J5: -1 | K5: -1 | L5: =VLOOKUP(LEFT(C5,LEN(C5)-4)&"_"&D5&"_llm.dfy",O:P,2,0) -> 153 | M5: =VLOOKUP(C5,Locs!A:C,3,0) -> 44 | N5: =VLOOKUP(C5,Locs!A:F,6,0) -> 1 | O5: BubbleSort_2_llm.dfy | P5: 137
A6: 5 | B6: =C6&"-"&D6 -> BubbleSort.dfy-4 | C6: BubbleSort.dfy | D6: 4 | E6: -1 | F6: 24.6776 | G6: 0.4022 | H6: 24.6744 | I6: -1 | J6: -1 | K6: -1 | L6: =VLOOKUP(LEFT(C6,LEN(C6)-4)&"_"&D6&"_llm.dfy",O:P,2,0) -> 164 | M6: =VLOOKUP(C6,Locs!A:C,3,0) -> 44 | N6: =VLOOKUP(C6,Locs!A:F,6,0) -> 1 | O6: BubbleSort_3_llm.dfy | P6: 153
A7: 6 | B7: =C7&"-"&D7 -> BubbleSort.dfy-5 | C7: BubbleSort.dfy | D7: 5 | E7: -1 | F7: 26.4071 | G7: 0.4368 | H7: 26.4045 | I7: -1 | J7: -1 | K7: -1 | L7: =VLOOKUP(LEFT(C7,LEN(C7)-4)&"_"&D7&"_llm.dfy",O:P,2,0) -> 164 | M7: =VLOOKUP(C7,Locs!A:C,3,0) -> 44 | N7: =VLOOKUP(C7,Locs!A:F,6,0) -> 1 | O7: BubbleSort_4_llm.dfy | P7: 164
A8: 7 | B8: =C8&"-"&D8 -> BubbleSort.dfy-6 | C8: BubbleSort.dfy | D8: 6 | E8: -1 | F8: 15.1403 | G8: 0.3941 | H8: 15.1379 | I8: -1 | J8: -1 | K8: -1 | L8: =VLOOKUP(LEFT(C8,LEN(C8)-4)&"_"&D8&"_llm.dfy",O:P,2,0) -> 163 | M8: =VLOOKUP(C8,Locs!A:C,3,0) -> 44 | N8: =VLOOKUP(C8,Locs!A:F,6,0) -> 1 | O8: BubbleSort_5_llm.dfy | P8: 164
A9: 8 | B9: =C9&"-"&D9 -> BubbleSort.dfy-7 | C9: BubbleSort.dfy | D9: 7 | E9: -1 | F9: 26.0392 | G9: 0.3925 | H9: 26.0359 | I9: -1 | J9: -1 | K9: -1 | L9: =VLOOKUP(LEFT(C9,LEN(C9)-4)&"_"&D9&"_llm.dfy",O:P,2,0) -> 163 | M9: =VLOOKUP(C9,Locs!A:C,3,0) -> 44 | N9: =VLOOKUP(C9,Locs!A:F,6,0) -> 1 | O9: BubbleSort_6_llm.dfy | P9: 163
A10: 9 | B10: =C10&"-"&D10 -> BubbleSort.dfy-8 | C10: BubbleSort.dfy | D10: 8 | E10: -1 | F10: 43.4334 | G10: 0.3978 | H10: 43.431 | I10: -1 | J10: -1 | K10: -1 | L10: =VLOOKUP(LEFT(C10,LEN(C10)-4)&"_"&D10&"_llm.dfy",O:P,2,0) -> 172 | M10: =VLOOKUP(C10,Locs!A:C,3,0) -> 44 | N10: =VLOOKUP(C10,Locs!A:F,6,0) -> 1 | O10: BubbleSort_7_llm.dfy | P10: 163
A11: 10 | B11: =C11&"-"&D11 -> BubbleSort.dfy-9 | C11: BubbleSort.dfy | D11: 9 | E11: -1 | F11: 21.2274 | G11: 0.3565 | H11: 21.2178 | I11: -1 | J11: -1 | K11: -1 | L11: =VLOOKUP(LEFT(C11,LEN(C11)-4)&"_"&D11&"_llm.dfy",O:P,2,0) -> 172 | M11: =VLOOKUP(C11,Locs!A:C,3,0) -> 44 | N11: =VLOOKUP(C11,Locs!A:F,6,0) -> 1 | O11: BubbleSort_8_llm.dfy | P11: 172
A12: 11 | B12: =C12&"-"&D12 -> BubbleSort.dfy-10 | C12: BubbleSort.dfy | D12: 10 | E12: -1 | F12: 23.0468 | G12: 0.2561 | H12: 23.0438 | I12: -1 | J12: -1 | K12: -1 | L12: =VLOOKUP(LEFT(C12,LEN(C12)-4)&"_"&D12&"_llm.dfy",O:P,2,0) -> 172 | M12: =VLOOKUP(C12,Locs!A:C,3,0) -> 44 | N12: =VLOOKUP(C12,Locs!A:F,6,0) -> 1 | O12: BubbleSort_9_llm.dfy | P12: 172
A13: 12 | B13: =C13&"-"&D13 -> Catalan.dfy-1 | C13: Catalan.dfy | D13: 1 | E13: 0 | F13: 24.6429 | G13: 61.7106 | H13: 24.6404 | I13: -1 | J13: 0 | K13: 0 | L13: =VLOOKUP(LEFT(C13,LEN(C13)-4)&"_"&D13&"_llm.dfy",O:P,2,0) -> 48 | M13: =VLOOKUP(C13,Locs!A:C,3,0) -> 28 | N13: =VLOOKUP(C13,Locs!A:F,6,0) -> 0 | O13: Catalan_1_llm.dfy | P13: 48
... A93: 92 | B93: =C93&"-"&D93 -> RawSort.dfy-3 | C93: RawSort.dfy | D93: 3 | E93: 0 | F93: 45.5633 | G93: 2.4864 | H93: 45.561 | I93: -1 | J93: 0 | K93: 0 | L93: =VLOOKUP(LEFT(C93,LEN(C93)-4)&"_"&D93&"_llm.dfy",O:P,2,0) -> 190 | M93: =VLOOKUP(C93,Locs!A:C,3,0) -> 48 | N93: =VLOOKUP(C93,Locs!A:F,6,0) -> 9 | O93: RawSort_2_llm.dfy | P93: 97
B94: =C94&"-"&D94 -> RawSort.dfy-4 | C94: RawSort.dfy | D94: 4 | E94: 0 | F94: 109.6052 | G94: 2.523 | H94: 109.5961 | I94: -1 | J94: 0 | K94: 0 | L94: =VLOOKUP(LEFT(C94,LEN(C94)-4)&"_"&D94&"_llm.dfy",O:P,2,0) -> 270 | M94: =VLOOKUP(C94,Locs!A:C,3,0) -> 48 | N94: =VLOOKUP(C94,Locs!A:F,6,0) -> 9 | O94: RawSort_3_llm.dfy | P94: 190
B95: =C95&"-"&D95 -> RawSort.dfy-5 | C95: RawSort.dfy | D95: 5 | E95: 0 | F95: 25.7727 | G95: 2.1595 | H95: 25.7704 | I95: -1 | J95: 0 | K95: 0 | L95: =VLOOKUP(LEFT(C95,LEN(C95)-4)&"_"&D95&"_llm.dfy",O:P,2,0) -> 297 | M95: =VLOOKUP(C95,Locs!A:C,3,0) -> 48 | N95: =VLOOKUP(C95,Locs!A:F,6,0) -> 9 | O95: RawSort_4_llm.dfy | P95: 270
B96: =C96&"-"&D96 -> RawSort.dfy-6 | C96: RawSort.dfy | D96: 6 | E96: 0 | F96: 106.2006 | G96: 3.3596 | H96: 106.1981 | I96: -1 | J96: 0 | K96: 0 | L96: =VLOOKUP(LEFT(C96,LEN(C96)-4)&"_"&D96&"_llm.dfy",O:P,2,0) -> 309 | M96: =VLOOKUP(C96,Locs!A:C,3,0) -> 48 | N96: =VLOOKUP(C96,Locs!A:F,6,0) -> 9 | O96: RawSort_5_llm.dfy | P96: 297
B97: =C97&"-"&D97 -> RawSort.dfy-7 | C97: RawSort.dfy | D97: 7 | E97: -1 | F97: 214.0083 | G97: 0.4296 | H97: 214.0055 | I97: -1 | J97: -1 | K97: -1 | L97: =VLOOKUP(LEFT(C97,LEN(C97)-4)&"_"&D97&"_llm.dfy",O:P,2,0) -> 309 | M97: =VLOOKUP(C97,Locs!A:C,3,0) -> 48 | N97: =VLOOKUP(C97,Locs!A:F,6,0) -> 9 | O97: RawSort_6_llm.dfy | P97: 309
B98: =C98&"-"&D98 -> RawSort.dfy-8 | C98: RawSort.dfy | D98: 8 | E98: -1 | F98: 48.3897 | G98: 0.6664 | H98: 48.3874 | I98: -1 | J98: -1 | K98: -1 | L98: =VLOOKUP(LEFT(C98,LEN(C98)-4)&"_"&D98&"_llm.dfy",O:P,2,0) -> 310 | M98: =VLOOKUP(C98,Locs!A:C,3,0) -> 48 | N98: =VLOOKUP(C98,Locs!A:F,6,0) -> 9 | O98: RawSort_7_llm.dfy | P98: 309
B99: =C99&"-"&D99 -> RawSort.dfy-9 | C99: RawSort.dfy | D99: 9 | E99: 0 | F99: 34.4548 | G99: 16.2416 | H99: 34.4442 | I99: -1 | J99: 0 | K99: 0 | L99: =VLOOKUP(LEFT(C99,LEN(C99)-4)&"_"&D99&"_llm.dfy",O:P,2,0) -> 309 | M99: =VLOOKUP(C99,Locs!A:C,3,0) -> 48 | N99: =VLOOKUP(C99,Locs!A:F,6,0) -> 9 | O99: RawSort_8_llm.dfy | P99: 310
B100: =C100&"-"&D100 -> RawSort.dfy-10 | C100: RawSort.dfy | D100: 10 | E100: -1 | F100: 190.6998 | G100: 0.4202 | H100: 190.6949 | I100: -1 | J100: -1 | K100: -1 | L100: =VLOOKUP(LEFT(C100,LEN(C100)-4)&"_"&D100&"_llm.dfy",O:P,2,0) -> 309 | M100: =VLOOKUP(C100,Locs!A:C,3,0) -> 48 | N100: =VLOOKUP(C100,Locs!A:F,6,0) -> 9 | O100: RawSort_9_llm.dfy | P100: 309
A101: 93 | B101: =C101&"-"&D101 -> Recaman.dfy-1 | C101: Recaman.dfy | D101: 1 | E101: 0 | F101: 28.6658 | G101: 1.7043 | H101: 28.6442 | I101: 1 | J101: 0 | K101: 0 | L101: =VLOOKUP(LEFT(C101,LEN(C101)-4)&"_"&D101&"_llm.dfy",O:P,2,0) -> 51 | M101: =VLOOKUP(C101,Locs!A:C,3,0) -> 57 | N101: =VLOOKUP(C101,Locs!A:F,6,0) -> 0 | O101: Recaman_10_llm.dfy | P101: 111
A102: 94 | B102: =C102&"-"&D102 -> Recaman.dfy-2 | C102: Recaman.dfy | D102: 2 | E102: -1 | F102: 37.5505 | G102: 0.4299 | H102: 37.5487 | I102: -1 | J102: -1 | K102: -1 | L102: =VLOOKUP(LEFT(C102,LEN(C102)-4)&"_"&D102&"_llm.dfy",O:P,2,0) -> 86 | M102: =VLOOKUP(C102,Locs!A:C,3,0) -> 57 | N102: =VLOOKUP(C102,Locs!A:F,6,0) -> 0 | O102: Recaman_1_llm.dfy | P102: 51
A103: 95 | B103: =C103&"-"&D103 -> Recaman.dfy-3 | C103: Recaman.dfy | D103: 3 | E103: 0 | F103: 27.364 | G103: 62.413 | H103: 27.3624 | I103: -1 | J103: 0 | K103: 0 | L103: =VLOOKUP(LEFT(C103,LEN(C103)-4)&"_"&D103&"_llm.dfy",O:P,2,0) -> 89 | M103: =VLOOKUP(C103,Locs!A:C,3,0) -> 57 | N103: =VLOOKUP(C103,Locs!A:F,6,0) -> 0 | O103: Recaman_2_llm.dfy | P103: 86
A104: 96 | B104: =C104&"-"&D104 -> Recaman.dfy-4 | C104: Recaman.dfy | D104: 4 | E104: -1 | F104: 54.3343 | G104: 0.2661 | H104: 54.3326 | I104: -1 | J104: -1 | K104: -1 | L104: =VLOOKUP(LEFT(C104,LEN(C104)-4)&"_"&D104&"_llm.dfy",O:P,2,0) -> 108 | M104: =VLOOKUP(C104,Locs!A:C,3,0) -> 57 | N104: =VLOOKUP(C104,Locs!A:F,6,0) -> 0 | O104: Recaman_3_llm.dfy | P104: 89
A105: 97 | B105: =C105&"-"&D105 -> Recaman.dfy-5 | C105: Recaman.dfy | D105: 5 | E105: -1 | F105: 21.392 | G105: 0.2797 | H105: 21.3906 | I105: -1 | J105: -1 | K105: -1 | L105: =VLOOKUP(LEFT(C105,LEN(C105)-4)&"_"&D105&"_llm.dfy",O:P,2,0) -> 107 | M105: =VLOOKUP(C105,Locs!A:C,3,0) -> 57 | N105: =VLOOKUP(C105,Locs!A:F,6,0) -> 0 | O105: Recaman_4_llm.dfy | P105: 108
A106: 98 | B106: =C106&"-"&D106 -> Recaman.dfy-6 | C106: Recaman.dfy | D106: 6 | E106: -1 | F106: 34.0956 | G106: 0.2527 | H106: 34.0943 | I106: -1 | J106: -1 | K106: -1 | L106: =VLOOKUP(LEFT(C106,LEN(C106)-4)&"_"&D106&"_llm.dfy",O:P,2,0) -> 107 | M106: =VLOOKUP(C106,Locs!A:C,3,0) -> 57 | N106: =VLOOKUP(C106,Locs!A:F,6,0) -> 0 | O106: Recaman_5_llm.dfy | P106: 107
A107: 99 | B107: =C107&"-"&D107 -> Recaman.dfy-7 | C107: Recaman.dfy | D107: 7 | E107: -1 | F107: 40.9297 | G107: 0.2882 | H107: 40.928 | I107: -1 | J107: -1 | K107: -1 | L107: =VLOOKUP(LEFT(C107,LEN(C107)-4)&"_"&D107&"_llm.dfy",O:P,2,0) -> 118 | M107: =VLOOKUP(C107,Locs!A:C,3,0) -> 57 | N107: =VLOOKUP(C107,Locs!A:F,6,0) -> 0 | O107: Recaman_6_llm.dfy | P107: 107
A108: 100 | B108: =C108&"-"&D108 -> Recaman.dfy-8 | C108: Recaman.dfy | D108: 8 | E108: -1 | F108: 35.3515 | G108: 0.262 | H108: 35.3493 | I108: -1 | J108: -1 | K108: -1 | L108: =VLOOKUP(LEFT(C108,LEN(C108)-4)&"_"&D108&"_llm.dfy",O:P,2,0) -> 126 | M108: =VLOOKUP(C108,Locs!A:C,3,0) -> 57 | N108: =VLOOKUP(C108,Locs!A:F,6,0) -> 0 | O108: Recaman_7_llm.dfy | P108: 118
